Pair,Cost_Assumption_%_Points,Observations,Positive_Net_Contraction,Positive_Rate_%,Mean_Gross_Contraction,Mean_Net_Contraction
TEN_vs_GUINEA,0.02,11,5,45.45454545454545,0.032964436204007394,0.012964436204007378
TEN_vs_GUINEA,0.05,11,4,36.36363636363637,0.032964436204007394,-0.017035563795992605
TEN_vs_GUINEA,0.1,11,4,36.36363636363637,0.032964436204007394,-0.06703556379599261
TEN_vs_GUINEA,0.2,11,1,9.090909090909092,0.032964436204007394,-0.16703556379599263
TEN_vs_PETAL,0.02,9,4,44.44444444444444,0.013064168004485047,-0.006935831995514955
TEN_vs_PETAL,0.05,9,3,33.33333333333333,0.013064168004485047,-0.03693583199551495
TEN_vs_PETAL,0.1,9,3,33.33333333333333,0.013064168004485047,-0.08693583199551497
TEN_vs_PETAL,0.2,9,0,0.0,0.013064168004485047,-0.18693583199551497
GUINEA_vs_PETAL,0.02,12,7,58.333333333333336,0.04290078930514296,0.022900789305142957
GUINEA_vs_PETAL,0.05,12,4,33.33333333333333,0.04290078930514296,-0.007099210694857034
GUINEA_vs_PETAL,0.1,12,4,33.33333333333333,0.04290078930514296,-0.057099210694857044
GUINEA_vs_PETAL,0.2,12,3,25.0,0.04290078930514296,-0.15709921069485705
