Date,Expiry Date Parsed,GOLDTEN,GOLDGUINEA,GOLDPETAL,TEN_vs_GUINEA,TEN_vs_GUINEA_%,TEN_vs_GUINEA_Z_ZScore,TEN_vs_GUINEA_Signal,TEN_vs_PETAL,TEN_vs_PETAL_%,TEN_vs_PETAL_Z_ZScore,TEN_vs_PETAL_Signal,GUINEA_vs_PETAL,GUINEA_vs_PETAL_%,GUINEA_vs_PETAL_Z_ZScore,GUINEA_vs_PETAL_Signal,GOLDTEN_Volume,GOLDGUINEA_Volume,GOLDPETAL_Volume,GOLDTEN_OI,GOLDGUINEA_OI,GOLDPETAL_OI,Minimum_Volume,Minimum_OI,Liquidity_Class,TEN_vs_GUINEA_Z_Mean,TEN_vs_GUINEA_Z_Std,TEN_vs_PETAL_Z_Mean,TEN_vs_PETAL_Z_Std,GUINEA_vs_PETAL_Z_Mean,GUINEA_vs_PETAL_Z_Std
2026-09-14,2026-09-30,15141.643199999999,15180.928875,15175.809,-39.28567500000099,-0.2587830779228323,,INSUFFICIENT HISTORY,-34.16580000000067,-0.22513330261339395,,INSUFFICIENT HISTORY,5.11987500000032,0.03373708116648226,,INSUFFICIENT HISTORY,18540,8367,166065,23926,10890,206359,8367,10890,NORMAL_LIQUIDITY,,,,,,
2026-09-14,2026-10-30,15240.3444,15307.677,15304.68,-67.33259999999973,-0.4398616458917949,,INSUFFICIENT HISTORY,-64.33560000000034,-0.42036553524804393,,INSUFFICIENT HISTORY,2.996999999999389,0.019582245430805403,,INSUFFICIENT HISTORY,7653,3171,62217,12538,6305,109975,3171,6305,NORMAL_LIQUIDITY,,,,,,
2026-09-14,2026-11-30,15317.7669,15406.952625,15387.597,-89.18572499999937,-0.5788667439353495,,INSUFFICIENT HISTORY,-69.83009999999922,-0.4538076997987355,,INSUFFICIENT HISTORY,19.355625000000146,0.12578718431474484,,INSUFFICIENT HISTORY,3697,1525,27998,8702,4441,112483,1525,4441,NORMAL_LIQUIDITY,,,,,,
2026-09-14,2026-12-31,15419.6649,15571.16325,15519.465,-151.49834999999985,-0.9729417614319845,,INSUFFICIENT HISTORY,-99.80010000000038,-0.643064048921792,,INSUFFICIENT HISTORY,51.69824999999946,0.33311876408110375,,INSUFFICIENT HISTORY,1121,707,12167,4205,2205,39724,707,2205,NORMAL_LIQUIDITY,,,,,,
2026-09-14,2027-01-29,15555.828599999999,15694.53975,15647.337,-138.711150000001,-0.8838178895943796,,INSUFFICIENT HISTORY,-91.50840000000062,-0.5848177232969458,,INSUFFICIENT HISTORY,47.20275000000038,0.301666347443021,,INSUFFICIENT HISTORY,645,217,5192,2268,1105,32107,217,1105,LOW_LIQUIDITY,,,,,,
2026-09-14,2027-02-26,15663.221099999999,15818.540625,15789.195,-155.3195250000008,-0.9818827708703425,,INSUFFICIENT HISTORY,-125.97390000000087,-0.7978487820310083,,INSUFFICIENT HISTORY,29.345624999999927,0.18585890540968003,,INSUFFICIENT HISTORY,277,102,2879,342,176,3999,102,176,LOW_LIQUIDITY,,,,,,
2026-09-15,2026-09-30,15096.7881,15134.225625,15131.853,-37.43752499999937,-0.24736994100416268,,INSUFFICIENT HISTORY,-35.0648999999994,-0.23172905525846305,,INSUFFICIENT HISTORY,2.372624999999971,0.01567967254241745,,INSUFFICIENT HISTORY,20063,9247,223809,23977,10948,207296,9247,10948,NORMAL_LIQUIDITY,,,,,,
2026-09-15,2026-10-30,15198.2865,15266.593125,15260.724,-68.30662499999926,-0.44742546317123555,,INSUFFICIENT HISTORY,-62.4375,-0.4091385179366326,,INSUFFICIENT HISTORY,5.869124999999258,0.038459020686038604,,INSUFFICIENT HISTORY,7897,3247,77392,12785,6411,113360,3247,6411,NORMAL_LIQUIDITY,,,,,,
2026-09-15,2026-11-30,15271.0137,15357.1275,15341.643,-86.11380000000099,-0.5607415839974044,,INSUFFICIENT HISTORY,-70.62930000000051,-0.4603763755941949,,INSUFFICIENT HISTORY,15.48450000000048,0.10093117145276083,,INSUFFICIENT HISTORY,3392,1578,32198,8828,4628,114710,1578,4628,NORMAL_LIQUIDITY,,,,,,
2026-09-15,2026-12-31,15383.9007,15499.859625,15475.509,-115.958924999999,-0.7481288721671181,,INSUFFICIENT HISTORY,-91.60829999999987,-0.5919566199728866,,INSUFFICIENT HISTORY,24.350624999999127,0.15734942870053018,,INSUFFICIENT HISTORY,983,500,11271,4265,2266,39306,500,2266,NORMAL_LIQUIDITY,,,,,,
2026-09-15,2027-01-29,15532.9515,15649.58475,15614.37,-116.63325000000077,-0.7452801583121927,,INSUFFICIENT HISTORY,-81.41850000000159,-0.5214331413947638,,INSUFFICIENT HISTORY,35.214749999999185,0.2255278310940447,,INSUFFICIENT HISTORY,557,312,4790,2275,1078,32196,312,1078,NORMAL_LIQUIDITY,,,,,,
2026-09-15,2027-02-26,15638.6457,15793.6905,15740.244,-155.0448000000015,-0.981688225434084,,INSUFFICIENT HISTORY,-101.59830000000147,-0.6454683929931547,,INSUFFICIENT HISTORY,53.446500000000015,0.33955318608783963,,INSUFFICIENT HISTORY,182,111,2780,351,184,4076,111,184,LOW_LIQUIDITY,,,,,,
2026-09-16,2026-09-30,15260.3244,15300.1845,15283.701,-39.860099999999875,-0.26052038784238113,,INSUFFICIENT HISTORY,-23.3765999999996,-0.1529511732792967,,INSUFFICIENT HISTORY,16.483500000000276,0.10785018628668723,,INSUFFICIENT HISTORY,20336,9927,199729,21921,10349,204341,9927,10349,NORMAL_LIQUIDITY,,,,,,
2026-09-16,2026-10-30,15361.9227,15417.192375,15415.569,-55.26967500000137,-0.358493775362269,,INSUFFICIENT HISTORY,-53.64630000000034,-0.34800077765537124,,INSUFFICIENT HISTORY,1.6233750000010332,0.010530749789391707,,INSUFFICIENT HISTORY,8194,3674,70741,12178,6147,110953,3674,6147,NORMAL_LIQUIDITY,,,,,,
2026-09-16,2026-11-30,15448.7358,15506.22825,15489.495,-57.492449999999735,-0.3707700484803565,,INSUFFICIENT HISTORY,-40.75920000000042,-0.2631409222831372,,INSUFFICIENT HISTORY,16.733249999999316,0.10802966784907653,,INSUFFICIENT HISTORY,4250,1465,34549,8077,4478,115690,1465,4478,NORMAL_LIQUIDITY,,,,,,
2026-09-16,2026-12-31,15534.0504,15645.58875,15613.371,-111.53835000000072,-0.7129060579455708,,INSUFFICIENT HISTORY,-79.3205999999991,-0.5080299443342446,,INSUFFICIENT HISTORY,32.217750000001615,0.20634717512317885,,INSUFFICIENT HISTORY,1310,585,10837,4336,2106,38782,585,2106,NORMAL_LIQUIDITY,,,,,,
2026-09-16,2027-01-29,15682.9014,15778.580625,15746.238,-95.67922499999986,-0.6063867674409392,,INSUFFICIENT HISTORY,-63.336599999998725,-0.4022332191346195,,INSUFFICIENT HISTORY,32.342625000001135,0.20539906103287106,,INSUFFICIENT HISTORY,844,167,4921,2150,1070,32311,167,1070,LOW_LIQUIDITY,,,,,,
2026-09-16,2027-02-26,15776.8074,15896.088,15853.131,-119.28060000000005,-0.750377073906486,,INSUFFICIENT HISTORY,-76.32359999999971,-0.4814418047766067,,INSUFFICIENT HISTORY,42.957000000000335,0.2709685550444284,,INSUFFICIENT HISTORY,173,61,3051,338,186,4353,61,186,LOW_LIQUIDITY,,,,,,
2026-09-17,2026-09-30,15316.4682,15354.505125,15344.64,-38.03692500000034,-0.24772485137322417,1.0964524169174836,NORMAL,-28.171800000000076,-0.1835937500000005,0.4502533601878291,NORMAL,9.865125000000262,0.06429036458333505,0.2429803224264299,NORMAL,28203,11413,261967,22072,10218,194763,11413,10218,NORMAL_LIQUIDITY,-0.2555578022564587,0.007143904069504193,-0.20327117705038455,0.04370300988353615,0.052422313331862314,0.04884367233098133
2026-09-17,2026-10-30,15409.1754,15481.25325,15466.518,-72.07784999999967,-0.4655814928936692,-1.0205793584446075,NORMAL,-57.34259999999995,-0.3707531326701973,0.5584331709626491,NORMAL,14.735249999999724,0.09527192869138175,5.081985208539793,EXTREME DISLOCATION,12803,5430,96695,12693,6518,112654,5430,6518,NORMAL_LIQUIDITY,-0.4152602948084332,0.04930650190880498,-0.3925016102800159,0.038945533218106815,0.022857338635411905,0.014249272102225723
2026-09-17,2026-11-30,15486.498,15567.9165,15550.434,-81.41849999999977,-0.5229890589405446,-0.1694259955229779,NORMAL,-63.935999999999694,-0.41115251188487534,-0.1670225254179206,NORMAL,17.482500000000073,0.11242451496852161,0.06575208354875799,NORMAL,6394,2366,58364,8742,4621,119328,2366,4621,NORMAL_LIQUIDITY,-0.5034594588043702,0.11526920692359631,-0.3924416658920225,0.1120258836108178,0.11158267453886073,0.012803251003241988
2026-09-17,2026-12-31,15589.7946,15718.01625,15680.304,-128.22165000000132,-0.8157622944307703,-0.03145114277497012,NORMAL,-90.50940000000082,-0.5772171253822682,0.055732297428478426,NORMAL,37.712250000000495,0.24050713557594608,0.09079053077366551,NORMAL,1758,536,17790,4346,2106,39435,536,2106,NORMAL_LIQUIDITY,-0.8113255638482245,0.1410673886888679,-0.5810168710763078,0.06817852249704688,0.23227178930160428,0.09070710573189565
2026-09-17,2027-01-29,15726.9573,15839.89425,15810.174,-112.93694999999934,-0.7129905554767156,0.2319209220468725,NORMAL,-83.21670000000086,-0.5263490458738838,-0.25372383607918725,NORMAL,29.720249999998487,0.18798180209780416,-1.1071211623096966,NORMAL,803,177,6747,2176,1083,32317,177,1083,LOW_LIQUIDITY,-0.7451616051158373,0.13871559907225492,-0.5028280279421097,0.09270322526746429,0.24419774652331228,0.05077668672526264
2026-09-17,2027-02-26,15835.5486,15975.25875,15942.042,-139.7101500000008,-0.8745407644805803,0.22535738653673376,NORMAL,-106.49339999999938,-0.6680035092116768,-0.16694460940636005,NORMAL,33.21675000000141,0.2083594435392995,-0.7416160420052389,NORMAL,253,62,3649,385,199,5058,62,199,LOW_LIQUIDITY,-0.9046493567369708,0.1336037514416362,-0.6415863266002565,0.15823920703613886,0.2654602155139827,0.07699506043624636
2026-09-18,2026-09-30,15446.2383,15467.142375,15464.52,-20.904074999998556,-0.1351515004722943,16.858930625998088,EXTREME DISLOCATION,-18.281699999999546,-0.11821705426356295,2.1649330497150867,UNUSUAL DISLOCATION,2.6223749999990105,0.016957364341078873,-0.9531795743649406,NORMAL,28177,10595,258446,20605,9737,184129,10595,9737,NORMAL_LIQUIDITY,-0.2535995645356501,0.00702583495306028,-0.19835182028778856,0.03701489338655144,0.055389326144730494,0.040319749643457324
2026-09-18,2026-10-30,15557.5269,15606.502875,15596.388,-48.97597499999938,-0.3138177424646095,2.40178022424428,UNUSUAL DISLOCATION,-38.86110000000008,-0.24916730719959057,4.103249214991699,EXTREME DISLOCATION,10.114874999999302,0.0648539584934621,0.6282558998998208,NORMAL,16584,6078,113376,14953,6568,116731,6078,6568,NORMAL_LIQUIDITY,-0.42784059432974214,0.04747430706363233,-0.3870644908775613,0.033606826310755705,0.04096098614940437,0.03803063743272066
2026-09-18,2026-11-30,15634.4499,15698.286,15679.305,-63.83610000000044,-0.4066437571592239,1.0747815285698168,NORMAL,-44.855100000000675,-0.2860783689072996,1.2076770925096285,NORMAL,18.980999999999767,0.1210576616756914,0.885516906642897,NORMAL,6923,2928,65996,8946,4735,124025,2928,4735,NORMAL_LIQUIDITY,-0.5083418588384138,0.09462211526329152,-0.39711937739023573,0.09194594248052347,0.11179313464627595,0.010462281363478883
2026-09-18,2026-12-31,15741.3429,15843.765375,15810.174,-102.42247500000121,-0.6464528637972285,1.440784922423033,NORMAL,-68.83110000000124,-0.4353595349425075,2.5979811848422982,UNUSUAL DISLOCATION,33.59137499999997,0.21246682674080608,-0.29475403628978225,NORMAL,1682,758,19239,4434,2111,40237,758,2111,NORMAL_LIQUIDITY,-0.8124347464938609,0.1152024012143972,-0.5800669346527979,0.055699941383168396,0.2343306258701897,0.07417641978577902
2026-09-18,2027-01-29,15887.9961,15980.628375,15946.038,-92.63227499999994,-0.5796535206645147,1.3764769006834787,NORMAL,-58.04190000000017,-0.3639894750031335,1.8892781467119155,NORMAL,34.59037499999977,0.21692143841623707,-0.26397666042069745,NORMAL,1008,291,9227,2139,1052,32291,291,1052,NORMAL_LIQUIDITY,-0.7371188427060568,0.11439735891198312,-0.5087082824250533,0.07660005366271093,0.23014376041693524,0.05008898127442731
2026-09-18,2027-02-26,15983.7003,16092.14175,16055.928,-108.44145000000026,-0.6738782921794748,2.027262493856958,UNUSUAL DISLOCATION,-72.22769999999946,-0.4498506719761042,1.5271581294540857,NORMAL,36.2137500000008,0.22554753608761074,-0.3713128053389514,NORMAL,333,87,4381,405,196,5207,87,196,LOW_LIQUIDITY,-0.8971222086728732,0.1101208734290086,-0.6481906222531116,0.12987518872581202,0.2511850225203119,0.06904552189978491
2026-09-21,2026-09-30,15326.658,15368.491125,15357.627,-41.83312500000102,-0.272200599653865,-0.7931495895370072,NORMAL,-30.96900000000096,-0.2016522474468286,-0.4019658319409987,NORMAL,10.864125000000058,0.07074090938658725,0.5919513947777743,NORMAL,22460,7565,202166,20914,9694,173815,7565,9694,NORMAL_LIQUIDITY,-0.22990995172297893,0.05331988881892103,-0.18232486708294343,0.04808214735704722,0.04770293378400017,0.03891869468647137
2026-09-21,2026-10-30,15440.0445,15516.71775,15500.484,-76.67324999999983,-0.4941331745239732,-1.360206434442726,NORMAL,-60.43950000000041,-0.38992008249549115,-0.44631175702222126,NORMAL,16.233749999999418,0.10473060067027208,1.7036895750420398,NORMAL,13909,5091,95888,17264,7369,124922,5091,7369,NORMAL_LIQUIDITY,-0.40503602395671556,0.0655026680591763,-0.35948505414196713,0.06819230700214043,0.04573958061821591,0.034625451089351486
2026-09-21,2026-11-30,15541.443,15628.730625,15605.379,-87.28762500000084,-0.5585074507610617,-0.7522932960095411,NORMAL,-63.93600000000151,-0.409704884450429,-0.3707639425899679,NORMAL,23.35162499999933,0.14963830740669182,3.6126038541448624,EXTREME DISLOCATION,4853,2132,42513,9826,4917,118695,2132,4917,NORMAL_LIQUIDITY,-0.48800223850257585,0.093720378252037,-0.3749111756936485,0.09384329153943448,0.11364604005215903,0.009962970978187283
2026-09-21,2026-12-31,15668.515800000001,15789.319875,15749.235,-120.80407499999819,-0.7650999280296624,0.11369593999910917,NORMAL,-80.71919999999955,-0.5125277513479197,0.4781974877551407,NORMAL,40.08487499999865,0.25451950523310274,0.3779961501737645,NORMAL,1324,547,11079,4514,2195,41363,547,2195,NORMAL_LIQUIDITY,-0.7792383699545344,0.12435309409450146,-0.5511254547107398,0.08071498565166847,0.22995786604431298,0.06497854324045045
2026-09-21,2027-01-29,15818.965199999999,15939.919125,15890.094,-120.95392500000162,-0.7588114095905214,-0.43756575562799266,NORMAL,-71.12880000000041,-0.44762982522318884,0.3467314314756967,NORMAL,49.82512500000121,0.313560920407401,1.965796886254892,NORMAL,684,281,6081,2297,1103,33268,281,1103,LOW_LIQUIDITY,-0.7056257782977484,0.12154888861547489,-0.4797645209406693,0.09267892322514425,0.22749929601679558,0.0437795099749926
2026-09-21,2027-02-26,15929.8542,16077.65625,16025.958,-147.80205000000024,-0.9193009708737879,-0.48402222623249086,NORMAL,-96.10380000000077,-0.5996758508914148,0.061760858884284585,NORMAL,51.69824999999946,0.3225906994140348,1.2570228295158155,NORMAL,331,44,2801,401,205,5200,44,205,LOW_LIQUIDITY,-0.8524734253741935,0.13806710080188575,-0.6085226321977102,0.14324252392394213,0.24605752523377164,0.060884474317576605
2026-09-22,2026-09-30,15281.4033,15311.673,15298.686,-30.26970000000074,-0.1976903503621109,0.6296549471100606,NORMAL,-17.28269999999975,-0.11296852553219112,1.475823619531934,NORMAL,12.98700000000099,0.08488964346350393,0.7614610752872235,NORMAL,23524,8681,199719,19764,9312,159751,8681,9312,NORMAL_LIQUIDITY,-0.2325934560691855,0.05543211542650468,-0.17762865604963035,0.043812912099852795,0.05510369942802118,0.03911683079039526
2026-09-22,2026-10-30,15402.8817,15454.77975,15450.534,-51.898049999999785,-0.335805820849694,1.049329220614562,NORMAL,-47.65229999999974,-0.30841846631320147,0.7194043575377316,NORMAL,4.245750000000044,0.027479632742790923,-0.9006254565659892,NORMAL,15712,6787,126094,17162,8294,141458,6787,8294,NORMAL_LIQUIDITY,-0.41589032968315126,0.07631971669153943,-0.3533959635914566,0.06252046822762833,0.06276925166610925,0.0391834570808988
2026-09-22,2026-11-30,15510.0744,15596.63775,15565.419,-86.56335000000036,-0.5550128905186655,-0.7976513496536449,NORMAL,-55.344600000000355,-0.3555612605095973,0.12194237581596874,NORMAL,31.21875,0.20056479044990697,4.342740175125903,EXTREME DISLOCATION,4484,2454,40997,10290,5323,119616,2454,5323,NORMAL_LIQUIDITY,-0.48393037986771825,0.0891147625862009,-0.36609061262398723,0.08634694907273638,0.11841626467054844,0.018916288441542993
2026-09-22,2026-12-31,15632.8515,15760.7235,15705.279,-127.87199999999939,-0.8113333122048578,-1.168596068896164,NORMAL,-72.42749999999978,-0.46116659245594926,1.0195472907263083,NORMAL,55.44449999999961,0.3530309776731735,3.704644902020119,EXTREME DISLOCATION,1777,808,13686,4816,2359,42719,808,2359,NORMAL_LIQUIDITY,-0.7376700032740701,0.06303573227006391,-0.5250181951959653,0.0626274066154687,0.2142380142747128,0.03746457948581732
2026-09-22,2027-01-29,15788.295900000001,15903.205875,15859.125,-114.90997499999867,-0.7225585577096648,-0.5099570475642267,NORMAL,-70.82909999999902,-0.44661417322834024,0.07962502281241246,NORMAL,44.08087499999965,0.2779527559055096,0.9841852176341778,NORMAL,502,256,6583,2406,1158,34476,256,1158,LOW_LIQUIDITY,-0.6806244822969767,0.08223060277916196,-0.4523269413259179,0.07174588961859744,0.2298782106096716,0.04884705077302569
2026-09-22,2027-02-26,15900.783300000001,16050.4335,15989.994,-149.65019999999822,-0.9323748171661421,-0.7353179352870102,NORMAL,-89.21069999999963,-0.5579157815819045,0.11190792282921612,NORMAL,60.43949999999859,0.37798325627888657,1.8121372947103755,NORMAL,209,82,2082,438,232,5222,82,232,LOW_LIQUIDITY,-0.8399570653748827,0.12568407127889086,-0.5688880459697915,0.09804725269212529,0.2734038840346426,0.05771051263583113
2026-09-23,2026-09-30,15153.2316,15199.785,15184.8,-46.55340000000069,-0.3062767006243884,-1.478356653657953,NORMAL,-31.56840000000011,-0.207894736842106,-1.3819561207279074,NORMAL,14.985000000000582,0.09868421052631964,0.8870798180853039,NORMAL,15099,6598,141684,19387,9095,148065,6598,9095,NORMAL_LIQUIDITY,-0.22265753794077509,0.05656223921116145,-0.15387655010437598,0.039088206873947214,0.06894569361223847,0.03352405985097209
2026-09-23,2026-10-30,15274.2105,15324.66,15327.657,-50.449500000000626,-0.32920469361147736,0.7948605304560189,NORMAL,-53.446500000000015,-0.34869321514697266,-0.275978131455382,NORMAL,-2.996999999999389,-0.01955289056898513,-1.9474134421413352,NORMAL,13879,7611,107673,19755,9479,143863,7611,9479,NORMAL_LIQUIDITY,-0.393566401218843,0.08097232802645357,-0.3332519532667704,0.055951034231488395,0.060573374077459705,0.04114496845535772
2026-09-23,2026-11-30,15377.607,15454.53,15452.532,-76.92300000000068,-0.49773755656109037,-0.1700954059320689,NORMAL,-74.92499999999927,-0.48487199379363377,-2.0358382643509074,UNUSUAL DISLOCATION,1.9980000000014115,0.01292991983450616,-3.2686419501317268,EXTREME DISLOCATION,5007,2708,49402,11079,5800,121900,2708,5800,NORMAL_LIQUIDITY,-0.48278464117197045,0.08790899029390405,-0.3451275896070677,0.06864219355417274,0.13834298846997767,0.03836855506012744
2026-09-23,2026-12-31,15524.3601,15625.483875,15607.377,-101.12377500000002,-0.6471721183738384,1.4438089105396403,NORMAL,-83.01690000000053,-0.5319080842347854,-0.6068218587978109,NORMAL,18.10687499999949,0.11601484990078405,-2.3231848526661536,UNUSUAL DISLOCATION,1706,1063,15719,5083,2567,44258,1063,2567,NORMAL_LIQUIDITY,-0.750310891281618,0.07143519627485212,-0.49886018969257784,0.05446061980641162,0.2533743240692415,0.05912550351334281
2026-09-23,2027-01-29,15692.591699999999,15802.182,15756.228,-109.59030000000166,-0.6935137185484995,-0.22265630341207424,NORMAL,-63.63630000000012,-0.40388029419224025,0.5518119843117123,NORMAL,45.95400000000154,0.2916560994166976,0.9656145695245825,NORMAL,549,317,5806,2541,1315,36363,317,1315,NORMAL_LIQUIDITY,-0.6760801621764712,0.07829805895844663,-0.4373631476926332,0.060678010721635305,0.24036319557196456,0.05311943860787744
2026-09-23,2027-02-26,15816.6675,15980.004,15895.089,-163.33650000000125,-1.0221305326331662,-1.6981570587123012,NORMAL,-78.42150000000038,-0.4933693671045213,0.6570678653014637,NORMAL,84.91500000000087,0.5342216076927966,3.617297497576514,EXTREME DISLOCATION,205,69,2709,465,243,5814,69,243,LOW_LIQUIDITY,-0.8300943837212943,0.11308503411191624,-0.5513775236875414,0.08828335647856701,0.28108989807285195,0.06997812864148875
2026-09-24,2026-09-30,15082.2027,15121.61325,15110.874,-39.41055000000051,-0.2606239780666293,-0.43030513665732417,NORMAL,-28.671299999999974,-0.1897395213539599,-0.5419980717736135,NORMAL,10.739250000000538,0.07106968134338582,0.12756038090362995,NORMAL,16226,7073,169541,15921,7692,127054,7073,7692,NORMAL_LIQUIDITY,-0.23180880049717656,0.06696452148652796,-0.16486526281693786,0.045893629207248814,0.06711249846016495,0.031022037212404187
2026-09-24,2026-10-30,15199.9848,15258.2265,15259.725,-58.24170000000049,-0.3817068779258224,0.07052680448662971,NORMAL,-59.740200000000186,-0.3914893617021289,-1.0375269766064747,NORMAL,-1.4984999999996944,-0.009819967266773774,-1.256109152663799,NORMAL,18146,9727,109146,22065,10848,150702,9727,10848,NORMAL_LIQUIDITY,-0.38770858486868465,0.08509824011663561,-0.3333904407650906,0.05599750391750509,0.05455664600578434,0.051250811393290345
2026-09-24,2026-11-30,15328.855800000001,15409.450125,15396.588,-80.59432499999821,-0.5230188251120234,-0.23945826422885805,NORMAL,-67.73219999999856,-0.4399169478328481,-0.6829631375204034,NORMAL,12.86212499999965,0.08353880093433462,-0.5207310425251547,NORMAL,5488,2665,47590,11825,5580,122009,2665,5580,NORMAL_LIQUIDITY,-0.5081781427881172,0.0619760707432607,-0.389473803909167,0.07385924825580227,0.1193230388670636,0.06871923317496549
2026-09-24,2026-12-31,15461.822699999999,15567.16725,15545.439,-105.34455000000162,-0.6767098233623823,0.7126307349557454,NORMAL,-83.6163000000015,-0.5378831694621264,-0.6064118727766916,NORMAL,21.728250000000116,0.13977250819356157,-1.1218629147730654,NORMAL,1813,996,16405,5386,2627,46466,996,2627,NORMAL_LIQUIDITY,-0.7371641033672715,0.08483254656234186,-0.503635817672686,0.05647539787211905,0.2353078590247625,0.08515777602874605
2026-09-24,2027-01-29,15614.569800000001,15730.628625,15697.287,-116.05882499999825,-0.7377888561652968,-0.6520207792295045,NORMAL,-82.71719999999914,-0.5269522051804184,-1.476741856719183,NORMAL,33.34162499999911,0.21240374212434998,-0.8541337070002676,NORMAL,664,659,6811,2642,1325,36519,659,1325,NORMAL_LIQUIDITY,-0.6935055523979832,0.06791701304311705,-0.43769256270415735,0.06044363276501524,0.25761460324872987,0.052931831110097756
2026-09-24,2027-02-26,15752.4318,15886.222875,15835.149,-133.79107499999918,-0.8421830415746272,0.3267744085802365,NORMAL,-82.71719999999914,-0.5223645195886641,0.36486913364176116,NORMAL,51.073875000000044,0.32253485584505737,-0.08488854348238666,NORMAL,169,233,4689,492,306,7584,169,306,LOW_LIQUIDITY,-0.8844450754666303,0.129330916933252,-0.5537630361531243,0.0860541867465503,0.33374050860252563,0.1320042999653222
2026-09-25,2026-09-30,15111.9729,15127.232625,15126.858,-15.25972499999989,-0.1008758533585378,1.9642354491631338,NORMAL,-14.885099999999511,-0.09840179632809082,1.452708346271242,NORMAL,0.37462500000037835,0.002476555276716277,-2.127669475245529,UNUSUAL DISLOCATION,22111,12025,253660,6451,3164,41072,12025,3164,NORMAL_LIQUIDITY,-0.23438862583585757,0.06797187808325277,-0.1660944170877297,0.046597530008958644,0.06846836181217511,0.031016004742862372
2026-09-25,2026-10-30,15244.74,15282.577125,15286.698,-37.837125000000015,-0.24758340619203656,1.681245239105474,NORMAL,-41.95800000000054,-0.2744739249771307,1.0497368741731532,NORMAL,-4.120875000000524,-0.026957260488828415,-1.165082202554282,NORMAL,25166,14538,247006,25189,13175,182926,14538,13175,NORMAL_LIQUIDITY,-0.3709336618751153,0.07336838958051632,-0.3375376865714769,0.06007578007966968,0.033538266814153235,0.05192382749505018
2026-09-25,2026-11-30,15363.321300000001,15432.552,15427.557,-69.23069999999825,-0.4486017607457163,0.9613488493757989,NORMAL,-64.23569999999927,-0.4163698763193633,-0.2745068508834881,NORMAL,4.994999999998981,0.03237712879621175,-1.1491824246589333,NORMAL,8110,3528,83161,12662,6091,124476,3528,6091,NORMAL_LIQUIDITY,-0.5081840960224129,0.06197785051220817,-0.3952266910987616,0.07702243187211288,0.1135458960602262,0.07063175134104978
2026-09-25,2026-12-31,15487.5969,15605.8785,15582.402,-118.28160000000025,-0.757929776269886,-0.6491818360437329,NORMAL,-94.80509999999958,-0.6084113347865084,-2.486772632990892,UNUSUAL DISLOCATION,23.47650000000067,0.15066034106937218,-0.679161853471918,NORMAL,1850,964,19677,5522,2840,48634,964,2840,NORMAL_LIQUIDITY,-0.7093536091535939,0.07482675025587084,-0.4957690264886576,0.04529658514151076,0.21516093354828558,0.09497087056521553
2026-09-25,2027-01-29,15630.4539,15781.95225,15736.248,-151.49834999999985,-0.9599468278710567,-3.7063279527360136,EXTREME DISLOCATION,-105.79409999999916,-0.6722955815134533,-3.8652003361723226,EXTREME DISLOCATION,45.704250000000684,0.29043930929406225,0.6139941976412703,NORMAL,1060,431,7941,2706,1425,37155,431,1425,NORMAL_LIQUIDITY,-0.6984652125356995,0.07055004809877423,-0.43781319456546425,0.060665002213105224,0.2624989912540391,0.04550583400846316
2026-09-25,2027-02-26,15759.1251,15904.5795,15879.105,-145.45440000000053,-0.9145441412015988,-0.2796940900285073,NORMAL,-119.97990000000027,-0.7555835168291933,-4.003025193022333,EXTREME DISLOCATION,25.474500000000262,0.16042780748663266,-1.7286861347882694,NORMAL,236,69,4188,554,307,8214,69,307,LOW_LIQUIDITY,-0.8779735308854397,0.13075217396417513,-0.5246352382285218,0.057693436205007435,0.3565755910636772,0.11346639487050023
2026-09-28,2026-09-30,14696.1891,14743.99125,14814.171,-47.80214999999953,-0.3242144490556418,-1.1940608656068434,NORMAL,-117.98190000000068,-0.7964124350934026,-12.152383638040748,EXTREME DISLOCATION,-70.17975000000115,-0.4737338997909579,-14.534009154409045,EXTREME DISLOCATION,9469,3937,64476,2997,1428,6376,3937,1428,NORMAL_LIQUIDITY,-0.2275334964131063,0.08096819469366033,-0.16213136550063528,0.0521939636276187,0.06557219999930258,0.03710649236977096
2026-09-28,2026-10-30,14832.2529,14888.34675,14890.095,-56.09385000000111,-0.37676345763508706,-0.21128793710285967,NORMAL,-57.842099999999846,-0.388460248238845,-0.8961433297703315,NORMAL,-1.748249999998734,-0.011741026501165602,-0.4960559649061548,NORMAL,41253,18457,355614,31640,14343,208412,18457,14343,NORMAL_LIQUIDITY,-0.3576867946206007,0.0902875160601308,-0.34259901012698496,0.05117623106519536,0.015176023017695137,0.05426212246828436
2026-09-28,2026-11-30,14934.850199999999,15004.855125,14994.99,-70.0049250000011,-0.4665484899175332,1.1013936208979536,NORMAL,-60.13980000000083,-0.4010659560293194,0.42940758244850613,NORMAL,9.865125000000262,0.06578947368421227,-0.3803815191633097,NORMAL,13441,6571,132350,15656,7384,151926,6571,7384,NORMAL_LIQUIDITY,-0.5165756967397115,0.04542173286003932,-0.4212849925811743,0.04708588617966371,0.09580978948433025,0.07892159394639074
2026-09-28,2026-12-31,15055.2297,15134.3505,15127.857,-79.1208000000006,-0.5227895310076279,3.086695909833839,EXTREME DISLOCATION,-72.6273000000001,-0.4800898104734868,0.9479862336692464,NORMAL,6.493500000000495,0.042924123357330084,-1.6095160142786824,NORMAL,5027,2494,54343,6802,3192,51483,2494,3192,NORMAL_LIQUIDITY,-0.7316489916481255,0.06766441098881708,-0.5303793864574579,0.05304884627841246,0.20279963641399879,0.09933142114669682
2026-09-28,2027-01-29,15188.8959,15243.741,15263.721,-54.84510000000046,-0.3597876662953041,3.8997394277209607,EXTREME DISLOCATION,-74.82510000000002,-0.49021532822828734,0.08706126129978649,NORMAL,-19.979999999999563,-0.13089861901956648,-10.621103724882069,EXTREME DISLOCATION,2255,1861,28490,2930,1759,38091,1861,1759,NORMAL_LIQUIDITY,-0.7745238739770078,0.10634972294138097,-0.49947441586752817,0.10635140705529307,0.2772025654296041,0.0384236134982009
2026-09-28,2027-02-26,15311.473199999999,15364.744875,15402.582,-53.27167500000178,-0.34671369706034105,9.02577210356684,EXTREME DISLOCATION,-91.10880000000179,-0.5915164093916317,-0.055723046730487676,NORMAL,-37.837125000000015,-0.24565442988714498,-4.3930260085814545,EXTREME DISLOCATION,1070,741,12984,802,382,10457,741,382,NORMAL_LIQUIDITY,-0.9261067006898646,0.06419317893042709,-0.5857818071991396,0.10291257440082768,0.3435516453434816,0.1341230564261754
2026-09-29,2026-09-30,14701.3839,14814.545625,14820.165,-113.16172499999993,-0.7638555232435617,-5.78716817453886,EXTREME DISLOCATION,-118.78110000000015,-0.8014829794405133,-1.782599423490196,NORMAL,-5.619375000000218,-0.037917087967645556,0.02220586901230475,NORMAL,747,244,2748,734,1259,6094,244,734,LOW_LIQUIDITY,-0.2379362662934616,0.0908767882820352,-0.2810834030299501,0.2919329881705334,-0.04332276183620646,0.2434344661569202
2026-09-29,2026-10-30,14814.171,14879.980125,14876.109,-65.80912499999977,-0.4422662157285628,-2.006628911489099,UNUSUAL DISLOCATION,-61.9380000000001,-0.4163588744879464,-1.456513682507402,NORMAL,3.8711249999996653,0.026022429655494356,1.623500935540472,NORMAL,25062,10392,228753,31674,14287,205153,10392,14287,NORMAL_LIQUIDITY,-0.33421285124282346,0.05384820475129804,-0.34230704327565575,0.0508418369848814,-0.0081183024165924,0.02102908062736726
2026-09-29,2026-11-30,14933.2518,15015.844125,14998.986,-82.59232499999962,-0.5500345122955225,-1.2132577944234642,NORMAL,-65.73420000000078,-0.4382576262155374,-0.39146323316635867,NORMAL,16.858124999998836,0.11239509790861085,0.45483193850044734,NORMAL,8962,3471,72121,16036,7355,148487,3471,7355,NORMAL_LIQUIDITY,-0.4981839045710058,0.04273667802740628,-0.41955720689695236,0.04777056370613985,0.07904002273983435,0.07333494494416139
2026-09-29,2026-12-31,15075.2097,15136.972875,15133.851,-61.76317500000005,-0.4080285768497821,2.484193745948967,UNUSUAL DISLOCATION,-58.64130000000114,-0.3874843223975255,2.369471487940086,UNUSUAL DISLOCATION,3.1218749999989086,0.020628424318429647,-1.210425523202345,NORMAL,2681,1461,22405,6895,3255,50509,1461,3255,NORMAL_LIQUIDITY,-0.6831869122437185,0.11076363743473856,-0.5238917982825713,0.057568734875823466,0.16048056003884428,0.11553964538885203
2026-09-29,2027-01-29,15197.4873,15256.353375,15269.715,-58.86607499999991,-0.38584629991896674,1.4356231192454787,NORMAL,-72.22769999999946,-0.47301275760549205,0.34023498259753954,NORMAL,-13.361624999999549,-0.08750408897611743,-1.5204929538134462,NORMAL,822,437,11341,2908,1767,36877,437,1767,NORMAL_LIQUIDITY,-0.6947191253179643,0.2151489630240366,-0.5079915164685479,0.10280764957209548,0.18831065754421059,0.1813982405038942
2026-09-29,2027-02-26,15325.5591,15374.235375,15419.565,-48.676274999999805,-0.3166094040628008,1.8493043643283305,NORMAL,-94.00590000000011,-0.6096533851635899,-0.24832576318474164,NORMAL,-45.329625000000306,-0.29397473275024494,-1.7607460047869508,NORMAL,558,315,6679,851,443,10969,315,443,NORMAL_LIQUIDITY,-0.811589245927175,0.26765731558966577,-0.5841499188991831,0.10270165260876912,0.22990261948324564,0.2975314729150156
2026-09-30,2026-09-30,14809.975199999999,14906.82825,14869.116,-96.85305000000153,-0.6497227201903364,-1.2090624490356254,NORMAL,-59.140800000001036,-0.3977425423273383,0.060208484362208166,NORMAL,37.712250000000495,0.2536280569739351,1.3784218056361437,NORMAL,295,20,172,568,439,905,20,439,LOW_LIQUIDITY,-0.35116930086975173,0.24692969296889286,-0.4187862938116146,0.3495147188505726,-0.06788410812243635,0.23324657501917065
2026-09-30,2026-10-30,14817.3678,14885.974125,14878.107,-68.60632500000065,-0.46087897522796917,-1.4541356951478974,NORMAL,-60.73919999999998,-0.40824548445578446,-0.7983419658711889,NORMAL,7.867125000000669,0.05287719062647331,3.0022774375689285,EXTREME DISLOCATION,30456,12607,300838,31599,14377,207175,12607,14377,NORMAL_LIQUIDITY,-0.35550493021859725,0.0724650700488131,-0.3638951249106047,0.055553085571272094,-0.008409743034051714,0.020413481077269015
2026-09-30,2026-11-30,14949.3357,15037.072875,15017.967,-87.7371750000002,-0.5834724332943038,-2.098929815432923,UNUSUAL DISLOCATION,-68.63130000000092,-0.4569946118539275,-0.6596546928224841,NORMAL,19.105874999999287,0.12722011574535544,1.65815117889644,NORMAL,12521,3954,122210,16002,7535,131520,3954,7535,NORMAL_LIQUIDITY,-0.4971882289263771,0.04110866582269678,-0.4360964800381404,0.03168041104410193,0.061406084231575134,0.03969121293124909
2026-09-30,2026-12-31,15090.5943,15164.07075,15163.821,-73.47645000000011,-0.4845430439580355,0.8568743737558003,NORMAL,-73.22669999999925,-0.4829040121220058,0.3204518824922609,NORMAL,0.24975000000085856,0.0016470123196578128,-1.5733316175235175,NORMAL,3578,1336,31644,6871,3288,51375,1336,3288,NORMAL_LIQUIDITY,-0.6025259651727033,0.13768987010024836,-0.5091553442708865,0.08191973142649485,0.0940000493678955,0.05869902824021601
2026-09-30,2027-01-29,15224.9598,15290.569125,15302.682,-65.60932499999944,-0.42908360351825325,0.7821304181630963,NORMAL,-77.72220000000016,-0.5078992035513785,0.05399460596207972,NORMAL,-12.112875000000713,-0.07915524219872512,-0.9347857127773862,NORMAL,1262,472,12180,2997,1778,36523,472,1778,NORMAL_LIQUIDITY,-0.6273766737598248,0.25352941867071305,-0.5132712333439782,0.09949197140863322,0.11521928856788519,0.20793485406307177
2026-09-30,2027-02-26,15365.0196,15427.432125,15448.536,-62.41252499999973,-0.4045554988951199,0.8548216333598466,NORMAL,-83.51640000000043,-0.5406104500776024,0.5282951950457547,NORMAL,-21.1038750000007,-0.1366076047594458,-0.6460751455836338,NORMAL,480,137,5030,854,458,11521,137,458,LOW_LIQUIDITY,-0.6884361633065068,0.3320934488936644,-0.5944974396155202,0.10200166506010082,0.09551102167741934,0.3592749667334442
2026-10-01,2026-10-30,14928.6564,14984.125875,14986.998,-55.469474999999875,-0.3701882609818898,0.13938909651676956,NORMAL,-58.341599999999744,-0.38928142914277925,-0.23307833572616993,NORMAL,-2.872124999999869,-0.019164111451805552,-0.7743819261419623,NORMAL,22286,11305,239269,29866,13525,198482,11305,13525,NORMAL_LIQUIDITY,-0.3818397865418956,0.08358993530461724,-0.3758055787723671,0.05781682938668373,0.006076273205039975,0.03259423264511777
2026-10-01,2026-11-30,15068.3166,15128.231625,15122.862,-59.91502500000024,-0.3960477766680165,2.096436735839088,UNUSUAL DISLOCATION,-54.54539999999906,-0.3606817281014604,3.1903343030223223,EXTREME DISLOCATION,5.369625000001179,0.03550667195138842,-1.2949526313663957,NORMAL,11846,3323,85108,15703,7551,124644,3323,7551,NORMAL_LIQUIDITY,-0.5143352042730198,0.05642308474319851,-0.43052100365019913,0.021890895722927035,0.08426412341374498,0.0376519189052569
2026-10-01,2026-12-31,15197.5872,15256.103625,15262.722,-58.5164249999998,-0.38356074682207597,1.2984252170097972,NORMAL,-65.13479999999981,-0.42675742898284996,0.89134027898527,NORMAL,-6.6183750000000146,-0.04336300562900913,-1.652051622393479,NORMAL,2601,928,26538,6801,3301,52214,928,3301,NORMAL_LIQUIDITY,-0.5700001502895428,0.14358886520767566,-0.4993545298483307,0.08144712247058727,0.07112648185167025,0.06930139829093715
2026-10-01,2027-01-29,15345.7389,15387.34725,15407.577,-41.60835000000043,-0.27040625862265133,1.1533125692950168,NORMAL,-61.83809999999903,-0.4013486351552813,1.6625544860371995,NORMAL,-20.229749999998603,-0.131297412954669,-0.8838720439071559,NORMAL,657,256,7973,2923,1753,36316,256,1753,LOW_LIQUIDITY,-0.5744906507537755,0.2636617342313379,-0.5340750152158059,0.07983280017299528,0.04105702024480064,0.19499930378788422
2026-10-01,2027-02-26,15475.509,15493.491,15545.439,-17.98199999999997,-0.11606164162744194,1.553108176257867,NORMAL,-69.93000000000029,-0.4498425551057149,1.675233244596811,NORMAL,-51.94800000000032,-0.3341687552213889,-1.101844040888362,NORMAL,358,109,4126,823,452,11492,109,452,LOW_LIQUIDITY,-0.5649211565588976,0.2890072448224175,-0.6039456562101363,0.09198904188503634,-0.038654820813029137,0.2681994215534365
2026-10-01,2027-03-31,15550.633800000001,15490.74375,15677.307,59.89005000000179,0.386618299072966,,INSUFFICIENT HISTORY,-126.67319999999927,-0.8080035684700138,,INSUFFICIENT HISTORY,-186.56325000000106,-1.1900210284840442,,INSUFFICIENT HISTORY,25,0,727,21,0,282,0,0,NO_ACTIVITY,,,,,,
