Date,Expiry Date Parsed,GOLDGUINEA,GOLDPETAL,GOLDTEN,TEN_vs_GUINEA,TEN_vs_PETAL,GUINEA_vs_PETAL,TEN_vs_GUINEA_%,TEN_vs_PETAL_%,GUINEA_vs_PETAL_%
2026-09-14,2026-09-30,15180.928875,15175.809,15141.643199999999,-39.28567500000099,-34.16580000000067,5.11987500000032,-0.2587830779228323,-0.22513330261339395,0.03373708116648226
2026-09-14,2026-10-30,15307.677,15304.68,15240.3444,-67.33259999999973,-64.33560000000034,2.996999999999389,-0.4398616458917949,-0.42036553524804393,0.019582245430805403
2026-09-14,2026-11-30,15406.952625,15387.597,15317.7669,-89.18572499999937,-69.83009999999922,19.355625000000146,-0.5788667439353495,-0.4538076997987355,0.12578718431474484
2026-09-14,2026-12-31,15571.16325,15519.465,15419.6649,-151.49834999999985,-99.80010000000038,51.69824999999946,-0.9729417614319845,-0.643064048921792,0.33311876408110375
2026-09-14,2027-01-29,15694.53975,15647.337,15555.828599999999,-138.711150000001,-91.50840000000062,47.20275000000038,-0.8838178895943796,-0.5848177232969458,0.301666347443021
2026-09-14,2027-02-26,15818.540625,15789.195,15663.221099999999,-155.3195250000008,-125.97390000000087,29.345624999999927,-0.9818827708703425,-0.7978487820310083,0.18585890540968003
2026-09-15,2026-09-30,15134.225625,15131.853,15096.7881,-37.43752499999937,-35.0648999999994,2.372624999999971,-0.24736994100416268,-0.23172905525846305,0.01567967254241745
2026-09-15,2026-10-30,15266.593125,15260.724,15198.2865,-68.30662499999926,-62.4375,5.869124999999258,-0.44742546317123555,-0.4091385179366326,0.038459020686038604
2026-09-15,2026-11-30,15357.1275,15341.643,15271.0137,-86.11380000000099,-70.62930000000051,15.48450000000048,-0.5607415839974044,-0.4603763755941949,0.10093117145276083
2026-09-15,2026-12-31,15499.859625,15475.509,15383.9007,-115.958924999999,-91.60829999999987,24.350624999999127,-0.7481288721671181,-0.5919566199728866,0.15734942870053018
2026-09-15,2027-01-29,15649.58475,15614.37,15532.9515,-116.63325000000077,-81.41850000000159,35.214749999999185,-0.7452801583121927,-0.5214331413947638,0.2255278310940447
2026-09-15,2027-02-26,15793.6905,15740.244,15638.6457,-155.0448000000015,-101.59830000000147,53.446500000000015,-0.981688225434084,-0.6454683929931547,0.33955318608783963
2026-09-16,2026-09-30,15300.1845,15283.701,15260.3244,-39.860099999999875,-23.3765999999996,16.483500000000276,-0.26052038784238113,-0.1529511732792967,0.10785018628668723
2026-09-16,2026-10-30,15417.192375,15415.569,15361.9227,-55.26967500000137,-53.64630000000034,1.6233750000010332,-0.358493775362269,-0.34800077765537124,0.010530749789391707
2026-09-16,2026-11-30,15506.22825,15489.495,15448.7358,-57.492449999999735,-40.75920000000042,16.733249999999316,-0.3707700484803565,-0.2631409222831372,0.10802966784907653
2026-09-16,2026-12-31,15645.58875,15613.371,15534.0504,-111.53835000000072,-79.3205999999991,32.217750000001615,-0.7129060579455708,-0.5080299443342446,0.20634717512317885
2026-09-16,2027-01-29,15778.580625,15746.238,15682.9014,-95.67922499999986,-63.336599999998725,32.342625000001135,-0.6063867674409392,-0.4022332191346195,0.20539906103287106
2026-09-16,2027-02-26,15896.088,15853.131,15776.8074,-119.28060000000005,-76.32359999999971,42.957000000000335,-0.750377073906486,-0.4814418047766067,0.2709685550444284
2026-09-17,2026-09-30,15354.505125,15344.64,15316.4682,-38.03692500000034,-28.171800000000076,9.865125000000262,-0.24772485137322417,-0.1835937500000005,0.06429036458333505
2026-09-17,2026-10-30,15481.25325,15466.518,15409.1754,-72.07784999999967,-57.34259999999995,14.735249999999724,-0.4655814928936692,-0.3707531326701973,0.09527192869138175
2026-09-17,2026-11-30,15567.9165,15550.434,15486.498,-81.41849999999977,-63.935999999999694,17.482500000000073,-0.5229890589405446,-0.41115251188487534,0.11242451496852161
2026-09-17,2026-12-31,15718.01625,15680.304,15589.7946,-128.22165000000132,-90.50940000000082,37.712250000000495,-0.8157622944307703,-0.5772171253822682,0.24050713557594608
2026-09-17,2027-01-29,15839.89425,15810.174,15726.9573,-112.93694999999934,-83.21670000000086,29.720249999998487,-0.7129905554767156,-0.5263490458738838,0.18798180209780416
2026-09-17,2027-02-26,15975.25875,15942.042,15835.5486,-139.7101500000008,-106.49339999999938,33.21675000000141,-0.8745407644805803,-0.6680035092116768,0.2083594435392995
2026-09-18,2026-09-30,15467.142375,15464.52,15446.2383,-20.904074999998556,-18.281699999999546,2.6223749999990105,-0.1351515004722943,-0.11821705426356295,0.016957364341078873
2026-09-18,2026-10-30,15606.502875,15596.388,15557.5269,-48.97597499999938,-38.86110000000008,10.114874999999302,-0.3138177424646095,-0.24916730719959057,0.0648539584934621
2026-09-18,2026-11-30,15698.286,15679.305,15634.4499,-63.83610000000044,-44.855100000000675,18.980999999999767,-0.4066437571592239,-0.2860783689072996,0.1210576616756914
2026-09-18,2026-12-31,15843.765375,15810.174,15741.3429,-102.42247500000121,-68.83110000000124,33.59137499999997,-0.6464528637972285,-0.4353595349425075,0.21246682674080608
2026-09-18,2027-01-29,15980.628375,15946.038,15887.9961,-92.63227499999994,-58.04190000000017,34.59037499999977,-0.5796535206645147,-0.3639894750031335,0.21692143841623707
2026-09-18,2027-02-26,16092.14175,16055.928,15983.7003,-108.44145000000026,-72.22769999999946,36.2137500000008,-0.6738782921794748,-0.4498506719761042,0.22554753608761074
2026-09-21,2026-09-30,15368.491125,15357.627,15326.658,-41.83312500000102,-30.96900000000096,10.864125000000058,-0.272200599653865,-0.2016522474468286,0.07074090938658725
2026-09-21,2026-10-30,15516.71775,15500.484,15440.0445,-76.67324999999983,-60.43950000000041,16.233749999999418,-0.4941331745239732,-0.38992008249549115,0.10473060067027208
2026-09-21,2026-11-30,15628.730625,15605.379,15541.443,-87.28762500000084,-63.93600000000151,23.35162499999933,-0.5585074507610617,-0.409704884450429,0.14963830740669182
2026-09-21,2026-12-31,15789.319875,15749.235,15668.515800000001,-120.80407499999819,-80.71919999999955,40.08487499999865,-0.7650999280296624,-0.5125277513479197,0.25451950523310274
2026-09-21,2027-01-29,15939.919125,15890.094,15818.965199999999,-120.95392500000162,-71.12880000000041,49.82512500000121,-0.7588114095905214,-0.44762982522318884,0.313560920407401
2026-09-21,2027-02-26,16077.65625,16025.958,15929.8542,-147.80205000000024,-96.10380000000077,51.69824999999946,-0.9193009708737879,-0.5996758508914148,0.3225906994140348
2026-09-22,2026-09-30,15311.673,15298.686,15281.4033,-30.26970000000074,-17.28269999999975,12.98700000000099,-0.1976903503621109,-0.11296852553219112,0.08488964346350393
2026-09-22,2026-10-30,15454.77975,15450.534,15402.8817,-51.898049999999785,-47.65229999999974,4.245750000000044,-0.335805820849694,-0.30841846631320147,0.027479632742790923
2026-09-22,2026-11-30,15596.63775,15565.419,15510.0744,-86.56335000000036,-55.344600000000355,31.21875,-0.5550128905186655,-0.3555612605095973,0.20056479044990697
2026-09-22,2026-12-31,15760.7235,15705.279,15632.8515,-127.87199999999939,-72.42749999999978,55.44449999999961,-0.8113333122048578,-0.46116659245594926,0.3530309776731735
2026-09-22,2027-01-29,15903.205875,15859.125,15788.295900000001,-114.90997499999867,-70.82909999999902,44.08087499999965,-0.7225585577096648,-0.44661417322834024,0.2779527559055096
2026-09-22,2027-02-26,16050.4335,15989.994,15900.783300000001,-149.65019999999822,-89.21069999999963,60.43949999999859,-0.9323748171661421,-0.5579157815819045,0.37798325627888657
2026-09-23,2026-09-30,15199.785,15184.8,15153.2316,-46.55340000000069,-31.56840000000011,14.985000000000582,-0.3062767006243884,-0.207894736842106,0.09868421052631964
2026-09-23,2026-10-30,15324.66,15327.657,15274.2105,-50.449500000000626,-53.446500000000015,-2.996999999999389,-0.32920469361147736,-0.34869321514697266,-0.01955289056898513
2026-09-23,2026-11-30,15454.53,15452.532,15377.607,-76.92300000000068,-74.92499999999927,1.9980000000014115,-0.49773755656109037,-0.48487199379363377,0.01292991983450616
2026-09-23,2026-12-31,15625.483875,15607.377,15524.3601,-101.12377500000002,-83.01690000000053,18.10687499999949,-0.6471721183738384,-0.5319080842347854,0.11601484990078405
2026-09-23,2027-01-29,15802.182,15756.228,15692.591699999999,-109.59030000000166,-63.63630000000012,45.95400000000154,-0.6935137185484995,-0.40388029419224025,0.2916560994166976
2026-09-23,2027-02-26,15980.004,15895.089,15816.6675,-163.33650000000125,-78.42150000000038,84.91500000000087,-1.0221305326331662,-0.4933693671045213,0.5342216076927966
2026-09-24,2026-09-30,15121.61325,15110.874,15082.2027,-39.41055000000051,-28.671299999999974,10.739250000000538,-0.2606239780666293,-0.1897395213539599,0.07106968134338582
2026-09-24,2026-10-30,15258.2265,15259.725,15199.9848,-58.24170000000049,-59.740200000000186,-1.4984999999996944,-0.3817068779258224,-0.3914893617021289,-0.009819967266773774
2026-09-24,2026-11-30,15409.450125,15396.588,15328.855800000001,-80.59432499999821,-67.73219999999856,12.86212499999965,-0.5230188251120234,-0.4399169478328481,0.08353880093433462
2026-09-24,2026-12-31,15567.16725,15545.439,15461.822699999999,-105.34455000000162,-83.6163000000015,21.728250000000116,-0.6767098233623823,-0.5378831694621264,0.13977250819356157
2026-09-24,2027-01-29,15730.628625,15697.287,15614.569800000001,-116.05882499999825,-82.71719999999914,33.34162499999911,-0.7377888561652968,-0.5269522051804184,0.21240374212434998
2026-09-24,2027-02-26,15886.222875,15835.149,15752.4318,-133.79107499999918,-82.71719999999914,51.073875000000044,-0.8421830415746272,-0.5223645195886641,0.32253485584505737
2026-09-25,2026-09-30,15127.232625,15126.858,15111.9729,-15.25972499999989,-14.885099999999511,0.37462500000037835,-0.1008758533585378,-0.09840179632809082,0.002476555276716277
2026-09-25,2026-10-30,15282.577125,15286.698,15244.74,-37.837125000000015,-41.95800000000054,-4.120875000000524,-0.24758340619203656,-0.2744739249771307,-0.026957260488828415
2026-09-25,2026-11-30,15432.552,15427.557,15363.321300000001,-69.23069999999825,-64.23569999999927,4.994999999998981,-0.4486017607457163,-0.4163698763193633,0.03237712879621175
2026-09-25,2026-12-31,15605.8785,15582.402,15487.5969,-118.28160000000025,-94.80509999999958,23.47650000000067,-0.757929776269886,-0.6084113347865084,0.15066034106937218
2026-09-25,2027-01-29,15781.95225,15736.248,15630.4539,-151.49834999999985,-105.79409999999916,45.704250000000684,-0.9599468278710567,-0.6722955815134533,0.29043930929406225
2026-09-25,2027-02-26,15904.5795,15879.105,15759.1251,-145.45440000000053,-119.97990000000027,25.474500000000262,-0.9145441412015988,-0.7555835168291933,0.16042780748663266
2026-09-28,2026-09-30,14743.99125,14814.171,14696.1891,-47.80214999999953,-117.98190000000068,-70.17975000000115,-0.3242144490556418,-0.7964124350934026,-0.4737338997909579
2026-09-28,2026-10-30,14888.34675,14890.095,14832.2529,-56.09385000000111,-57.842099999999846,-1.748249999998734,-0.37676345763508706,-0.388460248238845,-0.011741026501165602
2026-09-28,2026-11-30,15004.855125,14994.99,14934.850199999999,-70.0049250000011,-60.13980000000083,9.865125000000262,-0.4665484899175332,-0.4010659560293194,0.06578947368421227
2026-09-28,2026-12-31,15134.3505,15127.857,15055.2297,-79.1208000000006,-72.6273000000001,6.493500000000495,-0.5227895310076279,-0.4800898104734868,0.042924123357330084
2026-09-28,2027-01-29,15243.741,15263.721,15188.8959,-54.84510000000046,-74.82510000000002,-19.979999999999563,-0.3597876662953041,-0.49021532822828734,-0.13089861901956648
2026-09-28,2027-02-26,15364.744875,15402.582,15311.473199999999,-53.27167500000178,-91.10880000000179,-37.837125000000015,-0.34671369706034105,-0.5915164093916317,-0.24565442988714498
2026-09-29,2026-09-30,14814.545625,14820.165,14701.3839,-113.16172499999993,-118.78110000000015,-5.619375000000218,-0.7638555232435617,-0.8014829794405133,-0.037917087967645556
2026-09-29,2026-10-30,14879.980125,14876.109,14814.171,-65.80912499999977,-61.9380000000001,3.8711249999996653,-0.4422662157285628,-0.4163588744879464,0.026022429655494356
2026-09-29,2026-11-30,15015.844125,14998.986,14933.2518,-82.59232499999962,-65.73420000000078,16.858124999998836,-0.5500345122955225,-0.4382576262155374,0.11239509790861085
2026-09-29,2026-12-31,15136.972875,15133.851,15075.2097,-61.76317500000005,-58.64130000000114,3.1218749999989086,-0.4080285768497821,-0.3874843223975255,0.020628424318429647
2026-09-29,2027-01-29,15256.353375,15269.715,15197.4873,-58.86607499999991,-72.22769999999946,-13.361624999999549,-0.38584629991896674,-0.47301275760549205,-0.08750408897611743
2026-09-29,2027-02-26,15374.235375,15419.565,15325.5591,-48.676274999999805,-94.00590000000011,-45.329625000000306,-0.3166094040628008,-0.6096533851635899,-0.29397473275024494
2026-09-30,2026-09-30,14906.82825,14869.116,14809.975199999999,-96.85305000000153,-59.140800000001036,37.712250000000495,-0.6497227201903364,-0.3977425423273383,0.2536280569739351
2026-09-30,2026-10-30,14885.974125,14878.107,14817.3678,-68.60632500000065,-60.73919999999998,7.867125000000669,-0.46087897522796917,-0.40824548445578446,0.05287719062647331
2026-09-30,2026-11-30,15037.072875,15017.967,14949.3357,-87.7371750000002,-68.63130000000092,19.105874999999287,-0.5834724332943038,-0.4569946118539275,0.12722011574535544
2026-09-30,2026-12-31,15164.07075,15163.821,15090.5943,-73.47645000000011,-73.22669999999925,0.24975000000085856,-0.4845430439580355,-0.4829040121220058,0.0016470123196578128
2026-09-30,2027-01-29,15290.569125,15302.682,15224.9598,-65.60932499999944,-77.72220000000016,-12.112875000000713,-0.42908360351825325,-0.5078992035513785,-0.07915524219872512
2026-09-30,2027-02-26,15427.432125,15448.536,15365.0196,-62.41252499999973,-83.51640000000043,-21.1038750000007,-0.4045554988951199,-0.5406104500776024,-0.1366076047594458
2026-10-01,2026-10-30,14984.125875,14986.998,14928.6564,-55.469474999999875,-58.341599999999744,-2.872124999999869,-0.3701882609818898,-0.38928142914277925,-0.019164111451805552
2026-10-01,2026-11-30,15128.231625,15122.862,15068.3166,-59.91502500000024,-54.54539999999906,5.369625000001179,-0.3960477766680165,-0.3606817281014604,0.03550667195138842
2026-10-01,2026-12-31,15256.103625,15262.722,15197.5872,-58.5164249999998,-65.13479999999981,-6.6183750000000146,-0.38356074682207597,-0.42675742898284996,-0.04336300562900913
2026-10-01,2027-01-29,15387.34725,15407.577,15345.7389,-41.60835000000043,-61.83809999999903,-20.229749999998603,-0.27040625862265133,-0.4013486351552813,-0.131297412954669
2026-10-01,2027-02-26,15493.491,15545.439,15475.509,-17.98199999999997,-69.93000000000029,-51.94800000000032,-0.11606164162744194,-0.4498425551057149,-0.3341687552213889
2026-10-01,2027-03-31,15490.74375,15677.307,15550.633800000001,59.89005000000179,-126.67319999999927,-186.56325000000106,0.386618299072966,-0.8080035684700138,-1.1900210284840442
