Date,Instrument Name,Symbol,Expiry Date,Option Type,Strike Price,Open,High,Low,Close,Previous Close,Volume(Lots),Volume(In 000's),Value(Lacs),Open Interest(Lots),Expiry Date Parsed,Quotation Weight (g),Purity Factor,Pure Gold Price (₹/g)
2026-10-01,FUTCOM,GOLDGUINEA,30OCT2026,-,0,119589.0,120295.0,119221.0,119993.0,119207.0,11305,,13542.12,13525,2026-10-30,8,0.999,14984.125875
2026-10-01,FUTCOM,GOLDGUINEA,30NOV2026,-,0,120747.0,121484.0,120407.0,121147.0,120417.0,3323,,4019.52,7551,2026-11-30,8,0.999,15128.231625
2026-10-01,FUTCOM,GOLDGUINEA,31DEC2026,-,0,121759.0,122451.0,121434.0,122171.0,121434.0,928,,1131.95,3301,2026-12-31,8,0.999,15256.103625
2026-10-01,FUTCOM,GOLDGUINEA,29JAN2027,-,0,122544.0,123443.0,122536.0,123222.0,122447.0,256,,314.97,1753,2027-01-29,8,0.999,15387.34725
2026-10-01,FUTCOM,GOLDGUINEA,26FEB2027,-,0,123903.0,124450.0,123543.0,124072.0,123543.0,109,,135.17,452,2027-02-26,8,0.999,15493.491
2026-10-01,FUTCOM,GOLDGUINEA,31MAR2027,-,0,,,,124050.0,124050.0,0,,0.0,0,2027-03-31,8,0.999,15490.74375
2026-10-01,FUTCOM,GOLDM,05OCT2026,-,0,146875.0,148295.0,146550.0,147729.0,146151.0,1722,,25407.88,1589,2026-10-05,10,0.995,14699.0355
2026-10-01,FUTCOM,GOLDM,05NOV2026,-,0,148287.0,149371.0,148075.0,149055.0,147908.0,41017,,610239.98,42632,2026-11-05,10,0.995,14830.9725
2026-10-01,FUTCOM,GOLDM,04DEC2026,-,0,149085.0,150800.0,149085.0,150374.0,149125.0,14954,,224483.66,14420,2026-12-04,10,0.995,14962.213
2026-10-01,FUTCOM,GOLDM,05JAN2027,-,0,150930.0,152036.0,150628.0,151629.0,150453.0,1293,,19578.61,3687,2027-01-05,10,0.995,15087.0855
2026-10-01,FUTCOM,GOLDM,05FEB2027,-,0,152319.0,153375.0,151889.0,153150.0,151731.0,368,,5623.11,1815,2027-02-05,10,0.995,15238.425
2026-10-01,FUTCOM,GOLDM,05MAR2027,-,0,153729.0,154740.0,153505.0,154617.0,153153.0,152,,2344.41,239,2027-03-05,10,0.995,15384.391500000002
2026-10-01,FUTCOM,GOLDPETAL,30OCT2026,-,0,14911.0,15035.0,14910.0,15002.0,14893.0,239269,,35827.34,198482,2026-10-30,1,0.999,14986.998
2026-10-01,FUTCOM,GOLDPETAL,30NOV2026,-,0,15049.0,15180.0,15033.0,15138.0,15033.0,85108,,12864.97,124644,2026-11-30,1,0.999,15122.862
2026-10-01,FUTCOM,GOLDPETAL,31DEC2026,-,0,15208.0,15309.0,15191.0,15278.0,15179.0,26538,,4047.79,52214,2026-12-31,1,0.999,15262.722
2026-10-01,FUTCOM,GOLDPETAL,29JAN2027,-,0,15351.0,15455.0,15331.0,15423.0,15318.0,7973,,1227.57,36316,2027-01-29,1,0.999,15407.577
2026-10-01,FUTCOM,GOLDPETAL,26FEB2027,-,0,15511.0,15586.0,15468.0,15561.0,15464.0,4126,,641.04,11492,2027-02-26,1,0.999,15545.439
2026-10-01,FUTCOM,GOLDPETAL,31MAR2027,-,0,15688.0,15750.0,15627.0,15693.0,15661.0,727,,114.01,282,2027-03-31,1,0.999,15677.307
2026-10-01,FUTCOM,GOLDTEN,30OCT2026,-,0,148788.0,149750.0,148495.0,149436.0,148322.0,22286,,33241.93,29866,2026-10-30,10,0.999,14928.6564
2026-10-01,FUTCOM,GOLDTEN,30NOV2026,-,0,149743.0,151230.0,149733.0,150834.0,149643.0,11846,,17836.52,15703,2026-11-30,10,0.999,15068.3166
2026-10-01,FUTCOM,GOLDTEN,31DEC2026,-,0,151483.0,152518.0,151164.0,152128.0,151057.0,2601,,3950.82,6801,2026-12-31,10,0.999,15197.5872
2026-10-01,FUTCOM,GOLDTEN,29JAN2027,-,0,152714.0,153818.0,152500.0,153611.0,152402.0,657,,1006.95,2923,2027-01-29,10,0.999,15345.7389
2026-10-01,FUTCOM,GOLDTEN,26FEB2027,-,0,154302.0,155118.0,153953.0,154910.0,153804.0,358,,553.96,823,2027-02-26,10,0.999,15475.509
2026-10-01,FUTCOM,GOLDTEN,31MAR2027,-,0,155990.0,156112.0,155295.0,155662.0,155981.0,25,,38.95,21,2027-03-31,10,0.999,15550.633800000001
