Date,Date_Label,Expiry Date Parsed,Expiry_Label,Research_Period,GOLDTEN,GOLDGUINEA,GOLDPETAL,TEN_vs_GUINEA_%,TEN_vs_PETAL_%,GUINEA_vs_PETAL_%,TEN_vs_GUINEA_Z_ZScore,TEN_vs_PETAL_Z_ZScore,GUINEA_vs_PETAL_Z_ZScore,TEN_vs_GUINEA_Signal,TEN_vs_PETAL_Signal,GUINEA_vs_PETAL_Signal,Minimum_Volume,Minimum_OI,Liquidity_Class
2026-09-14,2026-09-14,2026-09-30,2026-09-30,DEVELOPMENT,15141.643199999999,15180.928875,15175.809,-0.2587830779228323,-0.22513330261339395,0.03373708116648226,,,,INSUFFICIENT HISTORY,INSUFFICIENT HISTORY,INSUFFICIENT HISTORY,8367,10890,NORMAL_LIQUIDITY
2026-09-14,2026-09-14,2026-10-30,2026-10-30,DEVELOPMENT,15240.3444,15307.677,15304.68,-0.4398616458917949,-0.42036553524804393,0.019582245430805403,,,,INSUFFICIENT HISTORY,INSUFFICIENT HISTORY,INSUFFICIENT HISTORY,3171,6305,NORMAL_LIQUIDITY
2026-09-14,2026-09-14,2026-11-30,2026-11-30,DEVELOPMENT,15317.7669,15406.952625,15387.597,-0.5788667439353495,-0.4538076997987355,0.12578718431474484,,,,INSUFFICIENT HISTORY,INSUFFICIENT HISTORY,INSUFFICIENT HISTORY,1525,4441,NORMAL_LIQUIDITY
2026-09-14,2026-09-14,2026-12-31,2026-12-31,DEVELOPMENT,15419.6649,15571.16325,15519.465,-0.9729417614319845,-0.643064048921792,0.33311876408110375,,,,INSUFFICIENT HISTORY,INSUFFICIENT HISTORY,INSUFFICIENT HISTORY,707,2205,NORMAL_LIQUIDITY
2026-09-14,2026-09-14,2027-01-29,2027-01-29,DEVELOPMENT,15555.828599999999,15694.53975,15647.337,-0.8838178895943796,-0.5848177232969458,0.301666347443021,,,,INSUFFICIENT HISTORY,INSUFFICIENT HISTORY,INSUFFICIENT HISTORY,217,1105,LOW_LIQUIDITY
2026-09-14,2026-09-14,2027-02-26,2027-02-26,DEVELOPMENT,15663.221099999999,15818.540625,15789.195,-0.9818827708703425,-0.7978487820310083,0.18585890540968003,,,,INSUFFICIENT HISTORY,INSUFFICIENT HISTORY,INSUFFICIENT HISTORY,102,176,LOW_LIQUIDITY
2026-09-15,2026-09-15,2026-09-30,2026-09-30,DEVELOPMENT,15096.7881,15134.225625,15131.853,-0.24736994100416268,-0.23172905525846305,0.01567967254241745,,,,INSUFFICIENT HISTORY,INSUFFICIENT HISTORY,INSUFFICIENT HISTORY,9247,10948,NORMAL_LIQUIDITY
2026-09-15,2026-09-15,2026-10-30,2026-10-30,DEVELOPMENT,15198.2865,15266.593125,15260.724,-0.44742546317123555,-0.4091385179366326,0.038459020686038604,,,,INSUFFICIENT HISTORY,INSUFFICIENT HISTORY,INSUFFICIENT HISTORY,3247,6411,NORMAL_LIQUIDITY
2026-09-15,2026-09-15,2026-11-30,2026-11-30,DEVELOPMENT,15271.0137,15357.1275,15341.643,-0.5607415839974044,-0.4603763755941949,0.10093117145276083,,,,INSUFFICIENT HISTORY,INSUFFICIENT HISTORY,INSUFFICIENT HISTORY,1578,4628,NORMAL_LIQUIDITY
2026-09-15,2026-09-15,2026-12-31,2026-12-31,DEVELOPMENT,15383.9007,15499.859625,15475.509,-0.7481288721671181,-0.5919566199728866,0.15734942870053018,,,,INSUFFICIENT HISTORY,INSUFFICIENT HISTORY,INSUFFICIENT HISTORY,500,2266,NORMAL_LIQUIDITY
2026-09-15,2026-09-15,2027-01-29,2027-01-29,DEVELOPMENT,15532.9515,15649.58475,15614.37,-0.7452801583121927,-0.5214331413947638,0.2255278310940447,,,,INSUFFICIENT HISTORY,INSUFFICIENT HISTORY,INSUFFICIENT HISTORY,312,1078,NORMAL_LIQUIDITY
2026-09-15,2026-09-15,2027-02-26,2027-02-26,DEVELOPMENT,15638.6457,15793.6905,15740.244,-0.981688225434084,-0.6454683929931547,0.33955318608783963,,,,INSUFFICIENT HISTORY,INSUFFICIENT HISTORY,INSUFFICIENT HISTORY,111,184,LOW_LIQUIDITY
2026-09-16,2026-09-16,2026-09-30,2026-09-30,DEVELOPMENT,15260.3244,15300.1845,15283.701,-0.26052038784238113,-0.1529511732792967,0.10785018628668723,,,,INSUFFICIENT HISTORY,INSUFFICIENT HISTORY,INSUFFICIENT HISTORY,9927,10349,NORMAL_LIQUIDITY
2026-09-16,2026-09-16,2026-10-30,2026-10-30,DEVELOPMENT,15361.9227,15417.192375,15415.569,-0.358493775362269,-0.34800077765537124,0.010530749789391707,,,,INSUFFICIENT HISTORY,INSUFFICIENT HISTORY,INSUFFICIENT HISTORY,3674,6147,NORMAL_LIQUIDITY
2026-09-16,2026-09-16,2026-11-30,2026-11-30,DEVELOPMENT,15448.7358,15506.22825,15489.495,-0.3707700484803565,-0.2631409222831372,0.10802966784907653,,,,INSUFFICIENT HISTORY,INSUFFICIENT HISTORY,INSUFFICIENT HISTORY,1465,4478,NORMAL_LIQUIDITY
2026-09-16,2026-09-16,2026-12-31,2026-12-31,DEVELOPMENT,15534.0504,15645.58875,15613.371,-0.7129060579455708,-0.5080299443342446,0.20634717512317885,,,,INSUFFICIENT HISTORY,INSUFFICIENT HISTORY,INSUFFICIENT HISTORY,585,2106,NORMAL_LIQUIDITY
2026-09-16,2026-09-16,2027-01-29,2027-01-29,DEVELOPMENT,15682.9014,15778.580625,15746.238,-0.6063867674409392,-0.4022332191346195,0.20539906103287106,,,,INSUFFICIENT HISTORY,INSUFFICIENT HISTORY,INSUFFICIENT HISTORY,167,1070,LOW_LIQUIDITY
2026-09-16,2026-09-16,2027-02-26,2027-02-26,DEVELOPMENT,15776.8074,15896.088,15853.131,-0.750377073906486,-0.4814418047766067,0.2709685550444284,,,,INSUFFICIENT HISTORY,INSUFFICIENT HISTORY,INSUFFICIENT HISTORY,61,186,LOW_LIQUIDITY
2026-09-17,2026-09-17,2026-09-30,2026-09-30,DEVELOPMENT,15316.4682,15354.505125,15344.64,-0.24772485137322417,-0.1835937500000005,0.06429036458333505,1.0964524169174836,0.4502533601878291,0.2429803224264299,NORMAL,NORMAL,NORMAL,11413,10218,NORMAL_LIQUIDITY
2026-09-17,2026-09-17,2026-10-30,2026-10-30,DEVELOPMENT,15409.1754,15481.25325,15466.518,-0.4655814928936692,-0.3707531326701973,0.09527192869138175,-1.0205793584446075,0.5584331709626491,5.081985208539793,NORMAL,NORMAL,EXTREME DISLOCATION,5430,6518,NORMAL_LIQUIDITY
2026-09-17,2026-09-17,2026-11-30,2026-11-30,DEVELOPMENT,15486.498,15567.9165,15550.434,-0.5229890589405446,-0.41115251188487534,0.11242451496852161,-0.1694259955229779,-0.1670225254179206,0.06575208354875799,NORMAL,NORMAL,NORMAL,2366,4621,NORMAL_LIQUIDITY
2026-09-17,2026-09-17,2026-12-31,2026-12-31,DEVELOPMENT,15589.7946,15718.01625,15680.304,-0.8157622944307703,-0.5772171253822682,0.24050713557594608,-0.03145114277497012,0.055732297428478426,0.09079053077366551,NORMAL,NORMAL,NORMAL,536,2106,NORMAL_LIQUIDITY
2026-09-17,2026-09-17,2027-01-29,2027-01-29,DEVELOPMENT,15726.9573,15839.89425,15810.174,-0.7129905554767156,-0.5263490458738838,0.18798180209780416,0.2319209220468725,-0.25372383607918725,-1.1071211623096966,NORMAL,NORMAL,NORMAL,177,1083,LOW_LIQUIDITY
2026-09-17,2026-09-17,2027-02-26,2027-02-26,DEVELOPMENT,15835.5486,15975.25875,15942.042,-0.8745407644805803,-0.6680035092116768,0.2083594435392995,0.22535738653673376,-0.16694460940636005,-0.7416160420052389,NORMAL,NORMAL,NORMAL,62,199,LOW_LIQUIDITY
2026-09-18,2026-09-18,2026-09-30,2026-09-30,DEVELOPMENT,15446.2383,15467.142375,15464.52,-0.1351515004722943,-0.11821705426356295,0.016957364341078873,16.858930625998088,2.1649330497150867,-0.9531795743649406,EXTREME DISLOCATION,UNUSUAL DISLOCATION,NORMAL,10595,9737,NORMAL_LIQUIDITY
2026-09-18,2026-09-18,2026-10-30,2026-10-30,DEVELOPMENT,15557.5269,15606.502875,15596.388,-0.3138177424646095,-0.24916730719959057,0.0648539584934621,2.40178022424428,4.103249214991699,0.6282558998998208,UNUSUAL DISLOCATION,EXTREME DISLOCATION,NORMAL,6078,6568,NORMAL_LIQUIDITY
2026-09-18,2026-09-18,2026-11-30,2026-11-30,DEVELOPMENT,15634.4499,15698.286,15679.305,-0.4066437571592239,-0.2860783689072996,0.1210576616756914,1.0747815285698168,1.2076770925096285,0.885516906642897,NORMAL,NORMAL,NORMAL,2928,4735,NORMAL_LIQUIDITY
2026-09-18,2026-09-18,2026-12-31,2026-12-31,DEVELOPMENT,15741.3429,15843.765375,15810.174,-0.6464528637972285,-0.4353595349425075,0.21246682674080608,1.440784922423033,2.5979811848422982,-0.29475403628978225,NORMAL,UNUSUAL DISLOCATION,NORMAL,758,2111,NORMAL_LIQUIDITY
2026-09-18,2026-09-18,2027-01-29,2027-01-29,DEVELOPMENT,15887.9961,15980.628375,15946.038,-0.5796535206645147,-0.3639894750031335,0.21692143841623707,1.3764769006834787,1.8892781467119155,-0.26397666042069745,NORMAL,NORMAL,NORMAL,291,1052,NORMAL_LIQUIDITY
2026-09-18,2026-09-18,2027-02-26,2027-02-26,DEVELOPMENT,15983.7003,16092.14175,16055.928,-0.6738782921794748,-0.4498506719761042,0.22554753608761074,2.027262493856958,1.5271581294540857,-0.3713128053389514,UNUSUAL DISLOCATION,NORMAL,NORMAL,87,196,LOW_LIQUIDITY
2026-09-21,2026-09-21,2026-09-30,2026-09-30,DEVELOPMENT,15326.658,15368.491125,15357.627,-0.272200599653865,-0.2016522474468286,0.07074090938658725,-0.7931495895370072,-0.4019658319409987,0.5919513947777743,NORMAL,NORMAL,NORMAL,7565,9694,NORMAL_LIQUIDITY
2026-09-21,2026-09-21,2026-10-30,2026-10-30,DEVELOPMENT,15440.0445,15516.71775,15500.484,-0.4941331745239732,-0.38992008249549115,0.10473060067027208,-1.360206434442726,-0.44631175702222126,1.7036895750420398,NORMAL,NORMAL,NORMAL,5091,7369,NORMAL_LIQUIDITY
2026-09-21,2026-09-21,2026-11-30,2026-11-30,DEVELOPMENT,15541.443,15628.730625,15605.379,-0.5585074507610617,-0.409704884450429,0.14963830740669182,-0.7522932960095411,-0.3707639425899679,3.6126038541448624,NORMAL,NORMAL,EXTREME DISLOCATION,2132,4917,NORMAL_LIQUIDITY
2026-09-21,2026-09-21,2026-12-31,2026-12-31,DEVELOPMENT,15668.515800000001,15789.319875,15749.235,-0.7650999280296624,-0.5125277513479197,0.25451950523310274,0.11369593999910917,0.4781974877551407,0.3779961501737645,NORMAL,NORMAL,NORMAL,547,2195,NORMAL_LIQUIDITY
2026-09-21,2026-09-21,2027-01-29,2027-01-29,DEVELOPMENT,15818.965199999999,15939.919125,15890.094,-0.7588114095905214,-0.44762982522318884,0.313560920407401,-0.43756575562799266,0.3467314314756967,1.965796886254892,NORMAL,NORMAL,NORMAL,281,1103,LOW_LIQUIDITY
2026-09-21,2026-09-21,2027-02-26,2027-02-26,DEVELOPMENT,15929.8542,16077.65625,16025.958,-0.9193009708737879,-0.5996758508914148,0.3225906994140348,-0.48402222623249086,0.061760858884284585,1.2570228295158155,NORMAL,NORMAL,NORMAL,44,205,LOW_LIQUIDITY
2026-09-22,2026-09-22,2026-09-30,2026-09-30,DEVELOPMENT,15281.4033,15311.673,15298.686,-0.1976903503621109,-0.11296852553219112,0.08488964346350393,0.6296549471100606,1.475823619531934,0.7614610752872235,NORMAL,NORMAL,NORMAL,8681,9312,NORMAL_LIQUIDITY
2026-09-22,2026-09-22,2026-10-30,2026-10-30,DEVELOPMENT,15402.8817,15454.77975,15450.534,-0.335805820849694,-0.30841846631320147,0.027479632742790923,1.049329220614562,0.7194043575377316,-0.9006254565659892,NORMAL,NORMAL,NORMAL,6787,8294,NORMAL_LIQUIDITY
2026-09-22,2026-09-22,2026-11-30,2026-11-30,DEVELOPMENT,15510.0744,15596.63775,15565.419,-0.5550128905186655,-0.3555612605095973,0.20056479044990697,-0.7976513496536449,0.12194237581596874,4.342740175125903,NORMAL,NORMAL,EXTREME DISLOCATION,2454,5323,NORMAL_LIQUIDITY
2026-09-22,2026-09-22,2026-12-31,2026-12-31,DEVELOPMENT,15632.8515,15760.7235,15705.279,-0.8113333122048578,-0.46116659245594926,0.3530309776731735,-1.168596068896164,1.0195472907263083,3.704644902020119,NORMAL,NORMAL,EXTREME DISLOCATION,808,2359,NORMAL_LIQUIDITY
2026-09-22,2026-09-22,2027-01-29,2027-01-29,DEVELOPMENT,15788.295900000001,15903.205875,15859.125,-0.7225585577096648,-0.44661417322834024,0.2779527559055096,-0.5099570475642267,0.07962502281241246,0.9841852176341778,NORMAL,NORMAL,NORMAL,256,1158,LOW_LIQUIDITY
2026-09-22,2026-09-22,2027-02-26,2027-02-26,DEVELOPMENT,15900.783300000001,16050.4335,15989.994,-0.9323748171661421,-0.5579157815819045,0.37798325627888657,-0.7353179352870102,0.11190792282921612,1.8121372947103755,NORMAL,NORMAL,NORMAL,82,232,LOW_LIQUIDITY
2026-09-23,2026-09-23,2026-09-30,2026-09-30,DEVELOPMENT,15153.2316,15199.785,15184.8,-0.3062767006243884,-0.207894736842106,0.09868421052631964,-1.478356653657953,-1.3819561207279074,0.8870798180853039,NORMAL,NORMAL,NORMAL,6598,9095,NORMAL_LIQUIDITY
2026-09-23,2026-09-23,2026-10-30,2026-10-30,DEVELOPMENT,15274.2105,15324.66,15327.657,-0.32920469361147736,-0.34869321514697266,-0.01955289056898513,0.7948605304560189,-0.275978131455382,-1.9474134421413352,NORMAL,NORMAL,NORMAL,7611,9479,NORMAL_LIQUIDITY
2026-09-23,2026-09-23,2026-11-30,2026-11-30,DEVELOPMENT,15377.607,15454.53,15452.532,-0.49773755656109037,-0.48487199379363377,0.01292991983450616,-0.1700954059320689,-2.0358382643509074,-3.2686419501317268,NORMAL,UNUSUAL DISLOCATION,EXTREME DISLOCATION,2708,5800,NORMAL_LIQUIDITY
2026-09-23,2026-09-23,2026-12-31,2026-12-31,DEVELOPMENT,15524.3601,15625.483875,15607.377,-0.6471721183738384,-0.5319080842347854,0.11601484990078405,1.4438089105396403,-0.6068218587978109,-2.3231848526661536,NORMAL,NORMAL,UNUSUAL DISLOCATION,1063,2567,NORMAL_LIQUIDITY
2026-09-23,2026-09-23,2027-01-29,2027-01-29,DEVELOPMENT,15692.591699999999,15802.182,15756.228,-0.6935137185484995,-0.40388029419224025,0.2916560994166976,-0.22265630341207424,0.5518119843117123,0.9656145695245825,NORMAL,NORMAL,NORMAL,317,1315,NORMAL_LIQUIDITY
2026-09-23,2026-09-23,2027-02-26,2027-02-26,DEVELOPMENT,15816.6675,15980.004,15895.089,-1.0221305326331662,-0.4933693671045213,0.5342216076927966,-1.6981570587123012,0.6570678653014637,3.617297497576514,NORMAL,NORMAL,EXTREME DISLOCATION,69,243,LOW_LIQUIDITY
2026-09-24,2026-09-24,2026-09-30,2026-09-30,DEVELOPMENT,15082.2027,15121.61325,15110.874,-0.2606239780666293,-0.1897395213539599,0.07106968134338582,-0.43030513665732417,-0.5419980717736135,0.12756038090362995,NORMAL,NORMAL,NORMAL,7073,7692,NORMAL_LIQUIDITY
2026-09-24,2026-09-24,2026-10-30,2026-10-30,DEVELOPMENT,15199.9848,15258.2265,15259.725,-0.3817068779258224,-0.3914893617021289,-0.009819967266773774,0.07052680448662971,-1.0375269766064747,-1.256109152663799,NORMAL,NORMAL,NORMAL,9727,10848,NORMAL_LIQUIDITY
2026-09-24,2026-09-24,2026-11-30,2026-11-30,DEVELOPMENT,15328.855800000001,15409.450125,15396.588,-0.5230188251120234,-0.4399169478328481,0.08353880093433462,-0.23945826422885805,-0.6829631375204034,-0.5207310425251547,NORMAL,NORMAL,NORMAL,2665,5580,NORMAL_LIQUIDITY
2026-09-24,2026-09-24,2026-12-31,2026-12-31,DEVELOPMENT,15461.822699999999,15567.16725,15545.439,-0.6767098233623823,-0.5378831694621264,0.13977250819356157,0.7126307349557454,-0.6064118727766916,-1.1218629147730654,NORMAL,NORMAL,NORMAL,996,2627,NORMAL_LIQUIDITY
2026-09-24,2026-09-24,2027-01-29,2027-01-29,DEVELOPMENT,15614.569800000001,15730.628625,15697.287,-0.7377888561652968,-0.5269522051804184,0.21240374212434998,-0.6520207792295045,-1.476741856719183,-0.8541337070002676,NORMAL,NORMAL,NORMAL,659,1325,NORMAL_LIQUIDITY
2026-09-24,2026-09-24,2027-02-26,2027-02-26,DEVELOPMENT,15752.4318,15886.222875,15835.149,-0.8421830415746272,-0.5223645195886641,0.32253485584505737,0.3267744085802365,0.36486913364176116,-0.08488854348238666,NORMAL,NORMAL,NORMAL,169,306,LOW_LIQUIDITY
2026-09-25,2026-09-25,2026-09-30,2026-09-30,VALIDATION,15111.9729,15127.232625,15126.858,-0.1008758533585378,-0.09840179632809082,0.002476555276716277,1.9642354491631338,1.452708346271242,-2.127669475245529,NORMAL,NORMAL,UNUSUAL DISLOCATION,12025,3164,NORMAL_LIQUIDITY
2026-09-25,2026-09-25,2026-10-30,2026-10-30,VALIDATION,15244.74,15282.577125,15286.698,-0.24758340619203656,-0.2744739249771307,-0.026957260488828415,1.681245239105474,1.0497368741731532,-1.165082202554282,NORMAL,NORMAL,NORMAL,14538,13175,NORMAL_LIQUIDITY
2026-09-25,2026-09-25,2026-11-30,2026-11-30,VALIDATION,15363.321300000001,15432.552,15427.557,-0.4486017607457163,-0.4163698763193633,0.03237712879621175,0.9613488493757989,-0.2745068508834881,-1.1491824246589333,NORMAL,NORMAL,NORMAL,3528,6091,NORMAL_LIQUIDITY
2026-09-25,2026-09-25,2026-12-31,2026-12-31,VALIDATION,15487.5969,15605.8785,15582.402,-0.757929776269886,-0.6084113347865084,0.15066034106937218,-0.6491818360437329,-2.486772632990892,-0.679161853471918,NORMAL,UNUSUAL DISLOCATION,NORMAL,964,2840,NORMAL_LIQUIDITY
2026-09-25,2026-09-25,2027-01-29,2027-01-29,VALIDATION,15630.4539,15781.95225,15736.248,-0.9599468278710567,-0.6722955815134533,0.29043930929406225,-3.7063279527360136,-3.8652003361723226,0.6139941976412703,EXTREME DISLOCATION,EXTREME DISLOCATION,NORMAL,431,1425,NORMAL_LIQUIDITY
2026-09-25,2026-09-25,2027-02-26,2027-02-26,VALIDATION,15759.1251,15904.5795,15879.105,-0.9145441412015988,-0.7555835168291933,0.16042780748663266,-0.2796940900285073,-4.003025193022333,-1.7286861347882694,NORMAL,EXTREME DISLOCATION,NORMAL,69,307,LOW_LIQUIDITY
2026-09-28,2026-09-28,2026-09-30,2026-09-30,VALIDATION,14696.1891,14743.99125,14814.171,-0.3242144490556418,-0.7964124350934026,-0.4737338997909579,-1.1940608656068434,-12.152383638040748,-14.534009154409045,NORMAL,EXTREME DISLOCATION,EXTREME DISLOCATION,3937,1428,NORMAL_LIQUIDITY
2026-09-28,2026-09-28,2026-10-30,2026-10-30,VALIDATION,14832.2529,14888.34675,14890.095,-0.37676345763508706,-0.388460248238845,-0.011741026501165602,-0.21128793710285967,-0.8961433297703315,-0.4960559649061548,NORMAL,NORMAL,NORMAL,18457,14343,NORMAL_LIQUIDITY
2026-09-28,2026-09-28,2026-11-30,2026-11-30,VALIDATION,14934.850199999999,15004.855125,14994.99,-0.4665484899175332,-0.4010659560293194,0.06578947368421227,1.1013936208979536,0.42940758244850613,-0.3803815191633097,NORMAL,NORMAL,NORMAL,6571,7384,NORMAL_LIQUIDITY
2026-09-28,2026-09-28,2026-12-31,2026-12-31,VALIDATION,15055.2297,15134.3505,15127.857,-0.5227895310076279,-0.4800898104734868,0.042924123357330084,3.086695909833839,0.9479862336692464,-1.6095160142786824,EXTREME DISLOCATION,NORMAL,NORMAL,2494,3192,NORMAL_LIQUIDITY
2026-09-28,2026-09-28,2027-01-29,2027-01-29,VALIDATION,15188.8959,15243.741,15263.721,-0.3597876662953041,-0.49021532822828734,-0.13089861901956648,3.8997394277209607,0.08706126129978649,-10.621103724882069,EXTREME DISLOCATION,NORMAL,EXTREME DISLOCATION,1861,1759,NORMAL_LIQUIDITY
2026-09-28,2026-09-28,2027-02-26,2027-02-26,VALIDATION,15311.473199999999,15364.744875,15402.582,-0.34671369706034105,-0.5915164093916317,-0.24565442988714498,9.02577210356684,-0.055723046730487676,-4.3930260085814545,EXTREME DISLOCATION,NORMAL,EXTREME DISLOCATION,741,382,NORMAL_LIQUIDITY
2026-09-29,2026-09-29,2026-09-30,2026-09-30,VALIDATION,14701.3839,14814.545625,14820.165,-0.7638555232435617,-0.8014829794405133,-0.037917087967645556,-5.78716817453886,-1.782599423490196,0.02220586901230475,EXTREME DISLOCATION,NORMAL,NORMAL,244,734,LOW_LIQUIDITY
2026-09-29,2026-09-29,2026-10-30,2026-10-30,VALIDATION,14814.171,14879.980125,14876.109,-0.4422662157285628,-0.4163588744879464,0.026022429655494356,-2.006628911489099,-1.456513682507402,1.623500935540472,UNUSUAL DISLOCATION,NORMAL,NORMAL,10392,14287,NORMAL_LIQUIDITY
2026-09-29,2026-09-29,2026-11-30,2026-11-30,VALIDATION,14933.2518,15015.844125,14998.986,-0.5500345122955225,-0.4382576262155374,0.11239509790861085,-1.2132577944234642,-0.39146323316635867,0.45483193850044734,NORMAL,NORMAL,NORMAL,3471,7355,NORMAL_LIQUIDITY
2026-09-29,2026-09-29,2026-12-31,2026-12-31,VALIDATION,15075.2097,15136.972875,15133.851,-0.4080285768497821,-0.3874843223975255,0.020628424318429647,2.484193745948967,2.369471487940086,-1.210425523202345,UNUSUAL DISLOCATION,UNUSUAL DISLOCATION,NORMAL,1461,3255,NORMAL_LIQUIDITY
2026-09-29,2026-09-29,2027-01-29,2027-01-29,VALIDATION,15197.4873,15256.353375,15269.715,-0.38584629991896674,-0.47301275760549205,-0.08750408897611743,1.4356231192454787,0.34023498259753954,-1.5204929538134462,NORMAL,NORMAL,NORMAL,437,1767,NORMAL_LIQUIDITY
2026-09-29,2026-09-29,2027-02-26,2027-02-26,VALIDATION,15325.5591,15374.235375,15419.565,-0.3166094040628008,-0.6096533851635899,-0.29397473275024494,1.8493043643283305,-0.24832576318474164,-1.7607460047869508,NORMAL,NORMAL,NORMAL,315,443,NORMAL_LIQUIDITY
2026-09-30,2026-09-30,2026-09-30,2026-09-30,VALIDATION,14809.975199999999,14906.82825,14869.116,-0.6497227201903364,-0.3977425423273383,0.2536280569739351,-1.2090624490356254,0.060208484362208166,1.3784218056361437,NORMAL,NORMAL,NORMAL,20,439,LOW_LIQUIDITY
2026-09-30,2026-09-30,2026-10-30,2026-10-30,VALIDATION,14817.3678,14885.974125,14878.107,-0.46087897522796917,-0.40824548445578446,0.05287719062647331,-1.4541356951478974,-0.7983419658711889,3.0022774375689285,NORMAL,NORMAL,EXTREME DISLOCATION,12607,14377,NORMAL_LIQUIDITY
2026-09-30,2026-09-30,2026-11-30,2026-11-30,VALIDATION,14949.3357,15037.072875,15017.967,-0.5834724332943038,-0.4569946118539275,0.12722011574535544,-2.098929815432923,-0.6596546928224841,1.65815117889644,UNUSUAL DISLOCATION,NORMAL,NORMAL,3954,7535,NORMAL_LIQUIDITY
2026-09-30,2026-09-30,2026-12-31,2026-12-31,VALIDATION,15090.5943,15164.07075,15163.821,-0.4845430439580355,-0.4829040121220058,0.0016470123196578128,0.8568743737558003,0.3204518824922609,-1.5733316175235175,NORMAL,NORMAL,NORMAL,1336,3288,NORMAL_LIQUIDITY
2026-09-30,2026-09-30,2027-01-29,2027-01-29,VALIDATION,15224.9598,15290.569125,15302.682,-0.42908360351825325,-0.5078992035513785,-0.07915524219872512,0.7821304181630963,0.05399460596207972,-0.9347857127773862,NORMAL,NORMAL,NORMAL,472,1778,NORMAL_LIQUIDITY
2026-09-30,2026-09-30,2027-02-26,2027-02-26,VALIDATION,15365.0196,15427.432125,15448.536,-0.4045554988951199,-0.5406104500776024,-0.1366076047594458,0.8548216333598466,0.5282951950457547,-0.6460751455836338,NORMAL,NORMAL,NORMAL,137,458,LOW_LIQUIDITY
2026-10-01,2026-10-01,2026-10-30,2026-10-30,VALIDATION,14928.6564,14984.125875,14986.998,-0.3701882609818898,-0.38928142914277925,-0.019164111451805552,0.13938909651676956,-0.23307833572616993,-0.7743819261419623,NORMAL,NORMAL,NORMAL,11305,13525,NORMAL_LIQUIDITY
2026-10-01,2026-10-01,2026-11-30,2026-11-30,VALIDATION,15068.3166,15128.231625,15122.862,-0.3960477766680165,-0.3606817281014604,0.03550667195138842,2.096436735839088,3.1903343030223223,-1.2949526313663957,UNUSUAL DISLOCATION,EXTREME DISLOCATION,NORMAL,3323,7551,NORMAL_LIQUIDITY
2026-10-01,2026-10-01,2026-12-31,2026-12-31,VALIDATION,15197.5872,15256.103625,15262.722,-0.38356074682207597,-0.42675742898284996,-0.04336300562900913,1.2984252170097972,0.89134027898527,-1.652051622393479,NORMAL,NORMAL,NORMAL,928,3301,NORMAL_LIQUIDITY
2026-10-01,2026-10-01,2027-01-29,2027-01-29,VALIDATION,15345.7389,15387.34725,15407.577,-0.27040625862265133,-0.4013486351552813,-0.131297412954669,1.1533125692950168,1.6625544860371995,-0.8838720439071559,NORMAL,NORMAL,NORMAL,256,1753,LOW_LIQUIDITY
2026-10-01,2026-10-01,2027-02-26,2027-02-26,VALIDATION,15475.509,15493.491,15545.439,-0.11606164162744194,-0.4498425551057149,-0.3341687552213889,1.553108176257867,1.675233244596811,-1.101844040888362,NORMAL,NORMAL,NORMAL,109,452,LOW_LIQUIDITY
2026-10-01,2026-10-01,2027-03-31,2027-03-31,VALIDATION,15550.633800000001,15490.74375,15677.307,0.386618299072966,-0.8080035684700138,-1.1900210284840442,,,,INSUFFICIENT HISTORY,INSUFFICIENT HISTORY,INSUFFICIENT HISTORY,0,0,NO_ACTIVITY
