Date,Instrument Name,Symbol,Expiry Date,Option Type,Strike Price,Open,High,Low,Close,Previous Close,Volume(Lots),Volume(In 000's),Value(Lacs),Open Interest(Lots)
01 Oct 2026,FUTCOM,GOLDGUINEA,30OCT2026,-,0,119589.0,120295.0,119221.0,119993.0,119207.0,11305,90.440 GRMS,13542.12,13525
01 Oct 2026,FUTCOM,GOLDGUINEA,30NOV2026,-,0,120747.0,121484.0,120407.0,121147.0,120417.0,3323,26.584 GRMS,4019.52,7551
01 Oct 2026,FUTCOM,GOLDGUINEA,31DEC2026,-,0,121759.0,122451.0,121434.0,122171.0,121434.0,928,7.424 GRMS,1131.95,3301
01 Oct 2026,FUTCOM,GOLDGUINEA,29JAN2027,-,0,122544.0,123443.0,122536.0,123222.0,122447.0,256,2.048 GRMS,314.97,1753
01 Oct 2026,FUTCOM,GOLDGUINEA,26FEB2027,-,0,123903.0,124450.0,123543.0,124072.0,123543.0,109,0.872 GRMS,135.17,452
01 Oct 2026,FUTCOM,GOLDGUINEA,31MAR2027,-,0,,,,124050.0,124050.0,0,0.000 GRMS,0.0,0
01 Oct 2026,FUTCOM,GOLDM,05OCT2026,-,0,146875.0,148295.0,146550.0,147729.0,146151.0,1722,172.200 GRMS,25407.88,1589
01 Oct 2026,FUTCOM,GOLDM,05NOV2026,-,0,148287.0,149371.0,148075.0,149055.0,147908.0,41017,4101.700 GRMS,610239.98,42632
01 Oct 2026,FUTCOM,GOLDM,04DEC2026,-,0,149085.0,150800.0,149085.0,150374.0,149125.0,14954,1495.400 GRMS,224483.66,14420
01 Oct 2026,FUTCOM,GOLDM,05JAN2027,-,0,150930.0,152036.0,150628.0,151629.0,150453.0,1293,129.300 GRMS,19578.61,3687
01 Oct 2026,FUTCOM,GOLDM,05FEB2027,-,0,152319.0,153375.0,151889.0,153150.0,151731.0,368,36.800 GRMS,5623.11,1815
01 Oct 2026,FUTCOM,GOLDM,05MAR2027,-,0,153729.0,154740.0,153505.0,154617.0,153153.0,152,15.200 GRMS,2344.41,239
01 Oct 2026,FUTCOM,GOLDPETAL,30OCT2026,-,0,14911.0,15035.0,14910.0,15002.0,14893.0,239269,239.269 GRMS,35827.34,198482
01 Oct 2026,FUTCOM,GOLDPETAL,30NOV2026,-,0,15049.0,15180.0,15033.0,15138.0,15033.0,85108,85.108 GRMS,12864.97,124644
01 Oct 2026,FUTCOM,GOLDPETAL,31DEC2026,-,0,15208.0,15309.0,15191.0,15278.0,15179.0,26538,26.538 GRMS,4047.79,52214
01 Oct 2026,FUTCOM,GOLDPETAL,29JAN2027,-,0,15351.0,15455.0,15331.0,15423.0,15318.0,7973,7.973 GRMS,1227.57,36316
01 Oct 2026,FUTCOM,GOLDPETAL,26FEB2027,-,0,15511.0,15586.0,15468.0,15561.0,15464.0,4126,4.126 GRMS,641.04,11492
01 Oct 2026,FUTCOM,GOLDPETAL,31MAR2027,-,0,15688.0,15750.0,15627.0,15693.0,15661.0,727,0.727 GRMS,114.01,282
01 Oct 2026,FUTCOM,GOLDTEN,30OCT2026,-,0,148788.0,149750.0,148495.0,149436.0,148322.0,22286,222.860 GRMS,33241.93,29866
01 Oct 2026,FUTCOM,GOLDTEN,30NOV2026,-,0,149743.0,151230.0,149733.0,150834.0,149643.0,11846,118.460 GRMS,17836.52,15703
01 Oct 2026,FUTCOM,GOLDTEN,31DEC2026,-,0,151483.0,152518.0,151164.0,152128.0,151057.0,2601,26.010 GRMS,3950.82,6801
01 Oct 2026,FUTCOM,GOLDTEN,29JAN2027,-,0,152714.0,153818.0,152500.0,153611.0,152402.0,657,6.570 GRMS,1006.95,2923
01 Oct 2026,FUTCOM,GOLDTEN,26FEB2027,-,0,154302.0,155118.0,153953.0,154910.0,153804.0,358,3.580 GRMS,553.96,823
01 Oct 2026,FUTCOM,GOLDTEN,31MAR2027,-,0,155990.0,156112.0,155295.0,155662.0,155981.0,25,0.250 GRMS,38.95,21
